filename,cypher
over-5-300-gitlab-servers-exposed-to-zero-click-account-takeover-attacks.json,"MERGE (cve_1:CVE {id:'CVE-2023-7028'})
ON CREATE SET
  cve_1.summary = 'Zero-click account takeover flaw in GitLab password reset workflow that allows sending reset emails for a targeted account to an attacker-controlled email address, enabling password change and account takeover.'
ON MATCH SET
  cve_1.summary = CASE WHEN cve_1.summary IS NULL OR trim(cve_1.summary) = '' THEN 'Zero-click account takeover flaw in GitLab password reset workflow that allows sending reset emails for a targeted account to an attacker-controlled email address, enabling password change and account takeover.' ELSE cve_1.summary END
MERGE (tech_1:Technique {technique_id:'T1098'})
ON CREATE SET
  tech_1.name = 'Account Manipulation',
  tech_1.tactic = 'Persistence',
  tech_1.summary = 'Adversaries may manipulate accounts to maintain access, including changing passwords or account settings.'
ON MATCH SET
  tech_1.name = CASE WHEN tech_1.name IS NULL OR trim(tech_1.name) = '' THEN 'Account Manipulation' ELSE tech_1.name END,
  tech_1.tactic = CASE WHEN tech_1.tactic IS NULL OR trim(tech_1.tactic) = '' THEN 'Persistence' ELSE tech_1.tactic END,
  tech_1.summary = CASE WHEN tech_1.summary IS NULL OR trim(tech_1.summary) = '' THEN 'Adversaries may manipulate accounts to maintain access, including changing passwords or account settings.' ELSE tech_1.summary END
MERGE (tech_2:Technique {technique_id:'T1195'})
ON CREATE SET
  tech_2.name = 'Supply Chain Compromise',
  tech_2.tactic = 'Initial Access',
  tech_2.summary = 'Adversaries may compromise software supply chains to gain access to downstream targets.'
ON MATCH SET
  tech_2.name = CASE WHEN tech_2.name IS NULL OR trim(tech_2.name) = '' THEN 'Supply Chain Compromise' ELSE tech_2.name END,
  tech_2.tactic = CASE WHEN tech_2.tactic IS NULL OR trim(tech_2.tactic) = '' THEN 'Initial Access' ELSE tech_2.tactic END,
  tech_2.summary = CASE WHEN tech_2.summary IS NULL OR trim(tech_2.summary) = '' THEN 'Adversaries may compromise software supply chains to gain access to downstream targets.' ELSE tech_2.summary END
MERGE (mit_1:Mitigation {name:'Patch Management'})
ON CREATE SET
  mit_1.framework = 'General',
  mit_1.control_id = 'PATCH',
  mit_1.summary = 'Apply vendor security updates promptly to remediate known vulnerabilities.'
ON MATCH SET
  mit_1.framework = CASE WHEN mit_1.framework IS NULL OR trim(mit_1.framework) = '' THEN 'General' ELSE mit_1.framework END,
  mit_1.control_id = CASE WHEN mit_1.control_id IS NULL OR trim(mit_1.control_id) = '' THEN 'PATCH' ELSE mit_1.control_id END,
  mit_1.summary = CASE WHEN mit_1.summary IS NULL OR trim(mit_1.summary) = '' THEN 'Apply vendor security updates promptly to remediate known vulnerabilities.' ELSE mit_1.summary END
MERGE (mit_2:Mitigation {name:'Disable or Restrict Internet Exposure'})
ON CREATE SET
  mit_2.framework = 'General',
  mit_2.control_id = 'EXPOSURE',
  mit_2.summary = 'Reduce attack surface by restricting access to services that do not need to be publicly reachable.'
ON MATCH SET
  mit_2.framework = CASE WHEN mit_2.framework IS NULL OR trim(mit_2.framework) = '' THEN 'General' ELSE mit_2.framework END,
  mit_2.control_id = CASE WHEN mit_2.control_id IS NULL OR trim(mit_2.control_id) = '' THEN 'EXPOSURE' ELSE mit_2.control_id END,
  mit_2.summary = CASE WHEN mit_2.summary IS NULL OR trim(mit_2.summary) = '' THEN 'Reduce attack surface by restricting access to services that do not need to be publicly reachable.' ELSE mit_2.summary END
MERGE (src_1:Source {id:'text:gitlab-cve-2023-7028'})
ON CREATE SET
  src_1.title = 'Internet-exposed GitLab instances vulnerable to CVE-2023-7028',
  src_1.publisher = 'Text Input',
  src_1.url = ''
ON MATCH SET
  src_1.title = CASE WHEN src_1.title IS NULL OR trim(src_1.title) = '' THEN 'Internet-exposed GitLab instances vulnerable to CVE-2023-7028' ELSE src_1.title END,
  src_1.publisher = CASE WHEN src_1.publisher IS NULL OR trim(src_1.publisher) = '' THEN 'Text Input' ELSE src_1.publisher END
MERGE (cve_1)-[sby_1:supported_by]->(src_1)
ON CREATE SET
  sby_1.page = '',
  sby_1.quote = 'Over 5,300 internet-exposed GitLab instances are vulnerable to CVE-2023-7028... The critical (CVSS score: 10.0) flaw allows attackers to send password reset emails... allowing the threat actor to change the password and take over the account.'
ON MATCH SET
  sby_1.quote = CASE WHEN sby_1.quote IS NULL OR trim(sby_1.quote) = '' THEN 'Over 5,300 internet-exposed GitLab instances are vulnerable to CVE-2023-7028... The critical (CVSS score: 10.0) flaw allows attackers to send password reset emails... allowing the threat actor to change the password and take over the account.' ELSE sby_1.quote END
MERGE (tech_1)-[sby_2:supported_by]->(src_1)
ON CREATE SET
  sby_2.page = '',
  sby_2.quote = '...send password reset emails for a targeted account to an attacker-controlled email address, allowing the threat actor to change the password and take over the account.'
ON MATCH SET
  sby_2.quote = CASE WHEN sby_2.quote IS NULL OR trim(sby_2.quote) = '' THEN '...send password reset emails for a targeted account to an attacker-controlled email address, allowing the threat actor to change the password and take over the account.' ELSE sby_2.quote END
MERGE (tech_2)-[sby_3:supported_by]->(src_1)
ON CREATE SET
  sby_3.page = '',
  sby_3.quote = '...these servers are at risk of supply chain attacks, proprietary code disclosure, API key leaks, and other malicious activity.'
ON MATCH SET
  sby_3.quote = CASE WHEN sby_3.quote IS NULL OR trim(sby_3.quote) = '' THEN '...these servers are at risk of supply chain attacks, proprietary code disclosure, API key leaks, and other malicious activity.' ELSE sby_3.quote END
MERGE (mit_1)-[sby_4:supported_by]->(src_1)
ON CREATE SET
  sby_4.page = '',
  sby_4.quote = 'GitLab warned about [CVE-2023-7028] earlier this month.'
ON MATCH SET
  sby_4.quote = CASE WHEN sby_4.quote IS NULL OR trim(sby_4.quote) = '' THEN 'GitLab warned about [CVE-2023-7028] earlier this month.' ELSE sby_4.quote END
MERGE (cve_1)<-[mitigates_1:mitigates]-(mit_1)
ON CREATE SET
  mitigates_1.status = 'recommended',
  mitigates_1.observed_effectiveness = 'Remediates the vulnerability when vendor security update is applied.',
  mitigates_1.evidence = 'GitLab warned about CVE-2023-7028; patching is the standard remediation.',
  mitigates_1.source_id = 'text:gitlab-cve-2023-7028',
  mitigates_1.page = ''
ON MATCH SET
  mitigates_1.status = CASE WHEN mitigates_1.status IS NULL OR trim(mitigates_1.status) = '' THEN 'recommended' ELSE mitigates_1.status END,
  mitigates_1.observed_effectiveness = CASE WHEN mitigates_1.observed_effectiveness IS NULL OR trim(mitigates_1.observed_effectiveness) = '' THEN 'Remediates the vulnerability when vendor security update is applied.' ELSE mitigates_1.observed_effectiveness END,
  mitigates_1.evidence = CASE WHEN mitigates_1.evidence IS NULL OR trim(mitigates_1.evidence) = '' THEN 'GitLab warned about CVE-2023-7028; patching is the standard remediation.' ELSE mitigates_1.evidence END,
  mitigates_1.source_id = CASE WHEN mitigates_1.source_id IS NULL OR trim(mitigates_1.source_id) = '' THEN 'text:gitlab-cve-2023-7028' ELSE mitigates_1.source_id END
MERGE (tech_2)<-[mitigates_2:mitigates]-(mit_2)
ON CREATE SET
  mitigates_2.status = 'recommended',
  mitigates_2.observed_effectiveness = 'Reduces likelihood of internet-based exploitation and downstream supply-chain compromise.',
  mitigates_2.evidence = 'Over 5,300 internet-exposed GitLab instances are vulnerable; restricting exposure reduces risk.',
  mitigates_2.source_id = 'text:gitlab-cve-2023-7028',
  mitigates_2.page = ''
ON MATCH SET
  mitigates_2.status = CASE WHEN mitigates_2.status IS NULL OR trim(mitigates_2.status) = '' THEN 'recommended' ELSE mitigates_2.status END,
  mitigates_2.observed_effectiveness = CASE WHEN mitigates_2.observed_effectiveness IS NULL OR trim(mitigates_2.observed_effectiveness) = '' THEN 'Reduces likelihood of internet-based exploitation and downstream supply-chain compromise.' ELSE mitigates_2.observed_effectiveness END,
  mitigates_2.evidence = CASE WHEN mitigates_2.evidence IS NULL OR trim(mitigates_2.evidence) = '' THEN 'Over 5,300 internet-exposed GitLab instances are vulnerable; restricting exposure reduces risk.' ELSE mitigates_2.evidence END,
  mitigates_2.source_id = CASE WHEN mitigates_2.source_id IS NULL OR trim(mitigates_2.source_id) = '' THEN 'text:gitlab-cve-2023-7028' ELSE mitigates_2.source_id END;"
pensive-ursa-uses-upgraded-kazuar-backdoor_1.json,"MERGE (src_Unit42:Source {id:'unit42-kazuar-pensive-ursa'})
ON CREATE SET src_Unit42.title = 'Unit 42: Evolution of Pensive Ursa and upgraded Kazuar variant', src_Unit42.publisher = 'Unit 42'
ON MATCH SET src_Unit42.title = coalesce(src_Unit42.title,'Unit 42: Evolution of Pensive Ursa and upgraded Kazuar variant'),
              src_Unit42.publisher = coalesce(src_Unit42.publisher,'Unit 42')
MERGE (src_UACERT:Source {id:'ua-cert-jul-2023-kazuar'})
ON CREATE SET src_UACERT.title = 'Ukrainian CERT report (July 2023): Kazuar targeting Ukrainian defense sector', src_UACERT.publisher = 'Ukrainian CERT', src_UACERT.published_on = date('2023-07-01')
ON MATCH SET src_UACERT.title = coalesce(src_UACERT.title,'Ukrainian CERT report (July 2023): Kazuar targeting Ukrainian defense sector'),
              src_UACERT.publisher = coalesce(src_UACERT.publisher,'Ukrainian CERT'),
              src_UACERT.published_on = coalesce(src_UACERT.published_on,date('2023-07-01'))

MERGE (ta_PensiveUrsa:ThreatActor {name:'Pensive Ursa'})
ON CREATE SET ta_PensiveUrsa.sponsor = 'FSB',
              ta_PensiveUrsa.summary = 'Russian-based threat group operating since at least 2004; linked to the Russian Federal Security Service (FSB). Also known as Turla / Uroburos.'
ON MATCH SET ta_PensiveUrsa.sponsor = coalesce(ta_PensiveUrsa.sponsor,'FSB'),
              ta_PensiveUrsa.summary = coalesce(ta_PensiveUrsa.summary,'Russian-based threat group operating since at least 2004; linked to the Russian Federal Security Service (FSB). Also known as Turla / Uroburos.')

MERGE (ta_Turla:ThreatActor {name:'Turla'})
MERGE (ta_Uroburos:ThreatActor {name:'Uroburos'})

MERGE (ta_PensiveUrsa)-[r_alias1:has_alias]->(ta_Turla)
ON CREATE SET r_alias1.date = date('2004-01-01')
ON MATCH SET r_alias1.date = coalesce(r_alias1.date,date('2004-01-01'))
MERGE (ta_PensiveUrsa)-[r_alias2:has_alias]->(ta_Uroburos)
ON CREATE SET r_alias2.date = date('2004-01-01')
ON MATCH SET r_alias2.date = coalesce(r_alias2.date,date('2004-01-01'))

MERGE (mot_Espionage:Motivation {type:'espionage'})
MERGE (ta_PensiveUrsa)-[:motivated_by]->(mot_Espionage)

MERGE (mal_Kazuar:Malware {name:'Kazuar'})
ON CREATE SET mal_Kazuar.summary = 'Advanced and stealthy .NET backdoor used by Pensive Ursa, often as a second stage payload; observed since 2017 and reportedly under constant development.'
ON MATCH SET mal_Kazuar.summary = coalesce(mal_Kazuar.summary,'Advanced and stealthy .NET backdoor used by Pensive Ursa, often as a second stage payload; observed since 2017 and reportedly under constant development.')

MERGE (mal_Sunburst:Malware {name:'Sunburst'})
ON CREATE SET mal_Sunburst.summary = 'Backdoor tied to Kazuar by reported code resemblance.'
ON MATCH SET mal_Sunburst.summary = coalesce(mal_Sunburst.summary,'Backdoor tied to Kazuar by reported code resemblance.')

MERGE (ta_PensiveUrsa)-[r_uses_kazuar:uses]->(mal_Kazuar)
ON CREATE SET r_uses_kazuar.evidence = 'Kazuar is an advanced and stealthy .NET backdoor that Pensive Ursa usually uses as a second stage payload.',
              r_uses_kazuar.source_id = 'unit42-kazuar-pensive-ursa'
ON MATCH SET r_uses_kazuar.evidence = coalesce(r_uses_kazuar.evidence,'Kazuar is an advanced and stealthy .NET backdoor that Pensive Ursa usually uses as a second stage payload.'),
              r_uses_kazuar.source_id = coalesce(r_uses_kazuar.source_id,'unit42-kazuar-pensive-ursa')

MERGE (mal_Kazuar)-[r_supp_kazuar:supported_by]->(src_Unit42)
ON CREATE SET r_supp_kazuar.quote = 'Unit 42 researchers came across a new, upgraded variant of Kazuar... Kazuar is an advanced and stealthy .NET backdoor that Pensive Ursa usually uses as a second stage payload.'
ON MATCH SET r_supp_kazuar.quote = coalesce(r_supp_kazuar.quote,'Unit 42 researchers came across a new, upgraded variant of Kazuar... Kazuar is an advanced and stealthy .NET backdoor that Pensive Ursa usually uses as a second stage payload.')
MERGE (ta_PensiveUrsa)-[r_supp_actor:supported_by]->(src_Unit42)
ON CREATE SET r_supp_actor.quote = 'Pensive Ursa is a Russian-based threat group operating since at least 2004, which is linked to the Russian Federal Security Service (FSB).'
ON MATCH SET r_supp_actor.quote = coalesce(r_supp_actor.quote,'Pensive Ursa is a Russian-based threat group operating since at least 2004, which is linked to the Russian Federal Security Service (FSB).')

MERGE (mal_Sunburst)-[r_supp_sunburst:supported_by]->(src_Unit42)
ON CREATE SET r_supp_sunburst.quote = 'The Sunburst backdoor has been tied to Kazuar by code resemblance.'
ON MATCH SET r_supp_sunburst.quote = coalesce(r_supp_sunburst.quote,'The Sunburst backdoor has been tied to Kazuar by code resemblance.')

MERGE (date_2023_07:Date {value:date('2023-07-01')})

MERGE (vict_UA_Defense:Victim {name:'Ukrainian defense sector'})
ON CREATE SET vict_UA_Defense.sector = 'Government',
              vict_UA_Defense.country_iso2 = 'UA',
              vict_UA_Defense.summary = 'Ukrainian defense sector targeted by a Kazuar variant as reported by Ukrainian CERT in July 2023.'
ON MATCH SET vict_UA_Defense.sector = coalesce(vict_UA_Defense.sector,'Government'),
              vict_UA_Defense.country_iso2 = coalesce(vict_UA_Defense.country_iso2,'UA'),
              vict_UA_Defense.summary = coalesce(vict_UA_Defense.summary,'Ukrainian defense sector targeted by a Kazuar variant as reported by Ukrainian CERT in July 2023.')

MERGE (country_UA:Country {iso2:'UA'})
ON CREATE SET country_UA.name = 'Ukraine'
ON MATCH SET country_UA.name = coalesce(country_UA.name,'Ukraine')

MERGE (vict_UA_Defense)-[:located_in]->(country_UA)

MERGE (sec_Government:Sector {name:'Government'})
MERGE (inc_2023_07_kazuar:Incident {id:'ua-2023-07-kazuar-variant-targeting'})
ON CREATE SET inc_2023_07_kazuar.date = date('2023-07-01'),
              inc_2023_07_kazuar.type = 'intrusion',
              inc_2023_07_kazuar.summary = 'Ukrainian CERT reported in July 2023 that a Kazuar variant was targeting the Ukrainian defense sector; attackers sought sensitive assets such as Signal messages and data from source control and cloud platforms.'
ON MATCH SET inc_2023_07_kazuar.date = coalesce(inc_2023_07_kazuar.date,date('2023-07-01')),
              inc_2023_07_kazuar.type = coalesce(inc_2023_07_kazuar.type,'intrusion'),
              inc_2023_07_kazuar.summary = coalesce(inc_2023_07_kazuar.summary,'Ukrainian CERT reported in July 2023 that a Kazuar variant was targeting the Ukrainian defense sector; attackers sought sensitive assets such as Signal messages and data from source control and cloud platforms.')

MERGE (inc_2023_07_kazuar)-[:occurred_on {date:date('2023-07-01')}]->(date_2023_07)
MERGE (inc_2023_07_kazuar)-[:targets {date:date('2023-07-01'), evidence:'Reported by Ukrainian CERT in July 2023 that this Kazuar version was targeting the Ukrainian defense sector.', source_id:'ua-cert-jul-2023-kazuar'}]->(vict_UA_Defense)
MERGE (inc_2023_07_kazuar)-[:targets_sector]->(sec_Government)
MERGE (inc_2023_07_kazuar)-[:occurred_in]->(country_UA)

MERGE (inc_2023_07_kazuar)-[r_inc_mal:involved_malware]->(mal_Kazuar)
ON CREATE SET r_inc_mal.evidence = 'Ukrainian CERT reported in July 2023 that this version of Kazuar was targeting the Ukrainian defense sector.',
              r_inc_mal.source_id = 'ua-cert-jul-2023-kazuar'
ON MATCH SET r_inc_mal.evidence = coalesce(r_inc_mal.evidence,'Ukrainian CERT reported in July 2023 that this version of Kazuar was targeting the Ukrainian defense sector.'),
              r_inc_mal.source_id = coalesce(r_inc_mal.source_id,'ua-cert-jul-2023-kazuar')

MERGE (inc_2023_07_kazuar)-[r_inc_attr:attributed_to]->(ta_PensiveUrsa)
ON CREATE SET r_inc_attr.confidence = 'reported',
              r_inc_attr.evidence = 'The Ukrainian CERT reported in July 2023 that this version of Kazuar was targeting the Ukrainian defense sector; Kazuar is usually used by Pensive Ursa.',
              r_inc_attr.source_id = 'ua-cert-jul-2023-kazuar'
ON MATCH SET r_inc_attr.confidence = coalesce(r_inc_attr.confidence,'reported'),
              r_inc_attr.evidence = coalesce(r_inc_attr.evidence,'The Ukrainian CERT reported in July 2023 that this version of Kazuar was targeting the Ukrainian defense sector; Kazuar is usually used by Pensive Ursa.'),
              r_inc_attr.source_id = coalesce(r_inc_attr.source_id,'ua-cert-jul-2023-kazuar')

MERGE (inc_2023_07_kazuar)-[r_inc_supp:supported_by]->(src_UACERT)
ON CREATE SET r_inc_supp.quote = 'The Ukrainian CERT reported in July 2023 that this version of Kazuar was targeting the Ukrainian defense sector.'
ON MATCH SET r_inc_supp.quote = coalesce(r_inc_supp.quote,'The Ukrainian CERT reported in July 2023 that this version of Kazuar was targeting the Ukrainian defense sector.')

MERGE (ta_PensiveUrsa)-[r_attack_ua:attacked]->(vict_UA_Defense)
ON CREATE SET r_attack_ua.date = date('2023-07-01'),
              r_attack_ua.evidence = 'The Ukrainian CERT reported in July 2023 that this version of Kazuar was targeting the Ukrainian defense sector.',
              r_attack_ua.source_id = 'ua-cert-jul-2023-kazuar'
ON MATCH SET r_attack_ua.date = coalesce(r_attack_ua.date,date('2023-07-01')),
              r_attack_ua.evidence = coalesce(r_attack_ua.evidence,'The Ukrainian CERT reported in July 2023 that this version of Kazuar was targeting the Ukrainian defense sector.'),
              r_attack_ua.source_id = coalesce(r_attack_ua.source_id,'ua-cert-jul-2023-kazuar')

MERGE (mal_Sunburst)-[r_tied:uses]->(mal_Kazuar)
ON CREATE SET r_tied.evidence = 'The Sunburst backdoor has been tied to Kazuar by code resemblance.',
              r_tied.source_id = 'unit42-kazuar-pensive-ursa'
ON MATCH SET r_tied.evidence = coalesce(r_tied.evidence,'The Sunburst backdoor has been tied to Kazuar by code resemblance.'),
              r_tied.source_id = coalesce(r_tied.source_id,'unit42-kazuar-pensive-ursa')"
government-backed-actors-exploiting-winrar-vulnerability.json,"MERGE (camp1)-[:supported_by {quote:'The vulnerability had been exploited as 0-day by cybercrime actors in-the-wild since at least April 2023 for campaigns targeting financial traders.', page:''}]->(src1);"
evasive-jupyter-infostealer-campaign-dangerous-variant.json,"MERGE (m_malware:Malware {name:'Jupyter'})
ON CREATE SET
  m_malware.family = 'Information Stealer',
  m_malware.summary = 'Information stealer (aka Yellow Cockatoo, Solarmarker, Polazert) targeting Chrome/Edge/Firefox users since at least 2020; can backdoor machines and steal credentials (cookies, web data, password manager info, crypto-wallet and remote access app logins). New variant observed leveraging PowerShell command modifications and legitimate-looking digitally signed payloads; supports C2, dropper/loader behavior, process hollowing, and PowerShell script execution.'
ON MATCH SET
  m_malware.family = CASE WHEN m_malware.family IS NULL OR m_malware.family = '' THEN 'Information Stealer' ELSE m_malware.family END,
  m_malware.summary = CASE WHEN m_malware.summary IS NULL OR m_malware.summary = '' THEN 'Information stealer (aka Yellow Cockatoo, Solarmarker, Polazert) targeting Chrome/Edge/Firefox users since at least 2020; can backdoor machines and steal credentials (cookies, web data, password manager info, crypto-wallet and remote access app logins). New variant observed leveraging PowerShell command modifications and legitimate-looking digitally signed payloads; supports C2, dropper/loader behavior, process hollowing, and PowerShell script execution.' ELSE m_malware.summary END
MERGE (m_alias1:Malware {name:'Yellow Cockatoo'})
ON CREATE SET m_alias1.summary = 'Alias name reported for the Jupyter information stealer.'
ON MATCH SET m_alias1.summary = CASE WHEN m_alias1.summary IS NULL OR m_alias1.summary = '' THEN 'Alias name reported for the Jupyter information stealer.' ELSE m_alias1.summary END
MERGE (m_alias2:Malware {name:'Solarmarker'})
ON CREATE SET m_alias2.summary = 'Alias name reported for the Jupyter information stealer.'
ON MATCH SET m_alias2.summary = CASE WHEN m_alias2.summary IS NULL OR m_alias2.summary = '' THEN 'Alias name reported for the Jupyter information stealer.' ELSE m_alias2.summary END
MERGE (m_alias3:Malware {name:'Polazert'})
ON CREATE SET m_alias3.summary = 'Alias name reported for the Jupyter information stealer.'
ON MATCH SET m_alias3.summary = CASE WHEN m_alias3.summary IS NULL OR m_alias3.summary = '' THEN 'Alias name reported for the Jupyter information stealer.' ELSE m_alias3.summary END
MERGE (t_ps:Tool {name:'PowerShell'})
ON CREATE SET t_ps.summary = 'Windows PowerShell used for script execution and command modifications by Jupyter malware.'
ON MATCH SET t_ps.summary = CASE WHEN t_ps.summary IS NULL OR t_ps.summary = '' THEN 'Windows PowerShell used for script execution and command modifications by Jupyter malware.' ELSE t_ps.summary END
MERGE (t_ovpn:Tool {name:'OpenVPN'})
ON CREATE SET t_ovpn.summary = 'Remote access application referenced as a target for credential access by Jupyter malware.'
ON MATCH SET t_ovpn.summary = CASE WHEN t_ovpn.summary IS NULL OR t_ovpn.summary = '' THEN 'Remote access application referenced as a target for credential access by Jupyter malware.' ELSE t_ovpn.summary END
MERGE (t_rdp:Tool {name:'Remote Desktop Protocol'})
ON CREATE SET t_rdp.summary = 'Remote access protocol referenced as a target for credential access by Jupyter malware.'
ON MATCH SET t_rdp.summary = CASE WHEN t_rdp.summary IS NULL OR t_rdp.summary = '' THEN 'Remote access protocol referenced as a target for credential access by Jupyter malware.' ELSE t_rdp.summary END
MERGE (v_browser_users:Victim {name:'Chrome/Edge/Firefox users'})
ON CREATE SET
  v_browser_users.sector = 'Other',
  v_browser_users.summary = 'End users of Chrome, Edge, and Firefox browsers targeted by Jupyter information-stealer activity.'
ON MATCH SET
  v_browser_users.sector = CASE WHEN v_browser_users.sector IS NULL OR v_browser_users.sector = '' THEN 'Other' ELSE v_browser_users.sector END,
  v_browser_users.summary = CASE WHEN v_browser_users.summary IS NULL OR v_browser_users.summary = '' THEN 'End users of Chrome, Edge, and Firefox browsers targeted by Jupyter information-stealer activity.' ELSE v_browser_users.summary END
MERGE (v_crypto_users:Victim {name:'Crypto-wallet users'})
ON CREATE SET
  v_crypto_users.sector = 'Finance',
  v_crypto_users.summary = 'Users of crypto-wallets (including Ethereum Wallet, MyMonero Wallet, Atomic Wallet) targeted by Jupyter for credential theft.'
ON MATCH SET
  v_crypto_users.sector = CASE WHEN v_crypto_users.sector IS NULL OR v_crypto_users.sector = '' THEN 'Finance' ELSE v_crypto_users.sector END,
  v_crypto_users.summary = CASE WHEN v_crypto_users.summary IS NULL OR v_crypto_users.summary = '' THEN 'Users of crypto-wallets (including Ethereum Wallet, MyMonero Wallet, Atomic Wallet) targeted by Jupyter for credential theft.' ELSE v_crypto_users.summary END
MERGE (v_remote_access_users:Victim {name:'Remote access application users'})
ON CREATE SET
  v_remote_access_users.sector = 'Other',
  v_remote_access_users.summary = 'Users of remote access applications/protocols (e.g., OpenVPN, Remote Desktop Protocol) targeted by Jupyter for credential access.'
ON MATCH SET
  v_remote_access_users.sector = CASE WHEN v_remote_access_users.sector IS NULL OR v_remote_access_users.sector = '' THEN 'Other' ELSE v_remote_access_users.sector END,
  v_remote_access_users.summary = CASE WHEN v_remote_access_users.summary IS NULL OR v_remote_access_users.summary = '' THEN 'Users of remote access applications/protocols (e.g., OpenVPN, Remote Desktop Protocol) targeted by Jupyter for credential access.' ELSE v_remote_access_users.summary END
MERGE (s_fin:Sector {name:'Finance'})
MERGE (s_other:Sector {name:'Other'})
MERGE (src_vmware:Source {id:'vmware-carbonblack-mdr'})
ON CREATE SET
  src_vmware.title = 'VMware Carbon Black MDR observations on Jupyter malware variant',
  src_vmware.publisher = 'VMware Carbon Black'
ON MATCH SET
  src_vmware.title = CASE WHEN src_vmware.title IS NULL OR src_vmware.title = '' THEN 'VMware Carbon Black MDR observations on Jupyter malware variant' ELSE src_vmware.title END,
  src_vmware.publisher = CASE WHEN src_vmware.publisher IS NULL OR src_vmware.publisher = '' THEN 'VMware Carbon Black' ELSE src_vmware.publisher END
MERGE (src_morphisec:Source {id:'morphisec-jupyter-tracking'})
ON CREATE SET
  src_morphisec.title = 'Morphisec tracking notes on Jupyter malware capabilities',
  src_morphisec.publisher = 'Morphisec'
ON MATCH SET
  src_morphisec.title = CASE WHEN src_morphisec.title IS NULL OR src_morphisec.title = '' THEN 'Morphisec tracking notes on Jupyter malware capabilities' ELSE src_morphisec.title END,
  src_morphisec.publisher = CASE WHEN src_morphisec.publisher IS NULL OR src_morphisec.publisher = '' THEN 'Morphisec' ELSE src_morphisec.publisher END
MERGE (src_blackberry:Source {id:'blackberry-jupyter-observations'})
ON CREATE SET
  src_blackberry.title = 'BlackBerry observations on Jupyter targeting and capabilities',
  src_blackberry.publisher = 'BlackBerry'
ON MATCH SET
  src_blackberry.title = CASE WHEN src_blackberry.title IS NULL OR src_blackberry.title = '' THEN 'BlackBerry observations on Jupyter targeting and capabilities' ELSE src_blackberry.title END,
  src_blackberry.publisher = CASE WHEN src_blackberry.publisher IS NULL OR src_blackberry.publisher = '' THEN 'BlackBerry' ELSE src_blackberry.publisher END
MERGE (inc_2020:Incident {id:'jupyter-targeting-since-2020'})
ON CREATE SET
  inc_2020.date = date('2020-01-01'),
  inc_2020.type = 'malware',
  inc_2020.summary = 'Jupyter information stealer has been targeting Chrome, Edge, and Firefox users since at least 2020.'
ON MATCH SET
  inc_2020.date = CASE WHEN inc_2020.date IS NULL THEN date('2020-01-01') ELSE inc_2020.date END,
  inc_2020.type = CASE WHEN inc_2020.type IS NULL OR inc_2020.type = '' THEN 'malware' ELSE inc_2020.type END,
  inc_2020.summary = CASE WHEN inc_2020.summary IS NULL OR inc_2020.summary = '' THEN 'Jupyter information stealer has been targeting Chrome, Edge, and Firefox users since at least 2020.' ELSE inc_2020.summary END
MERGE (inc_oct:Incident {id:'jupyter-new-variant-since-late-october'})
ON CREATE SET
  inc_oct.summary = 'VMware Carbon Black MDR observed a new Jupyter variant leveraging PowerShell command modifications and legitimate-looking digitally signed payloads, infecting a steadily rising number of systems since late October.'
ON MATCH SET
  inc_oct.summary = CASE WHEN inc_oct.summary IS NULL OR inc_oct.summary = '' THEN 'VMware Carbon Black MDR observed a new Jupyter variant leveraging PowerShell command modifications and legitimate-looking digitally signed payloads, infecting a steadily rising number of systems since late October.' ELSE inc_oct.summary END
MERGE (inc_caps:Incident {id:'jupyter-capabilities-backdoor-c2-powershell'})
ON CREATE SET
  inc_caps.type = 'malware',
  inc_caps.summary = 'Morphisec and BlackBerry described Jupyter as a full-fledged backdoor supporting C2 communications, dropper/loader behavior, process hollowing for evasion, and PowerShell script/command execution.'
ON MATCH SET
  inc_caps.type = CASE WHEN inc_caps.type IS NULL OR inc_caps.type = '' THEN 'malware' ELSE inc_caps.type END,
  inc_caps.summary = CASE WHEN inc_caps.summary IS NULL OR inc_caps.summary = '' THEN 'Morphisec and BlackBerry described Jupyter as a full-fledged backdoor supporting C2 communications, dropper/loader behavior, process hollowing for evasion, and PowerShell script/command execution.' ELSE inc_caps.summary END
MERGE (inc_crypto:Incident {id:'jupyter-targets-crypto-wallets-and-remote-access'})
ON CREATE SET
  inc_crypto.type = 'malware',
  inc_crypto.summary = 'BlackBerry observed Jupyter targeting crypto-wallets (Ethereum Wallet, MyMonero Wallet, Atomic Wallet) and accessing remote access applications such as OpenVPN and Remote Desktop Protocol.'
ON MATCH SET
  inc_crypto.type = CASE WHEN inc_crypto.type IS NULL OR inc_crypto.type = '' THEN 'malware' ELSE inc_crypto.type END,
  inc_crypto.summary = CASE WHEN inc_crypto.summary IS NULL OR inc_crypto.summary = '' THEN 'BlackBerry observed Jupyter targeting crypto-wallets (Ethereum Wallet, MyMonero Wallet, Atomic Wallet) and accessing remote access applications such as OpenVPN and Remote Desktop Protocol.' ELSE inc_crypto.summary END
MERGE (inc_2020)-[r2020_mal:involved_malware]->(m_malware)
ON CREATE SET r2020_mal.evidence = 'Targeting Chrome, Edge, and Firefox users since at least 2020.', r2020_mal.source_id = 'vmware-carbonblack-mdr'
ON MATCH SET
  r2020_mal.evidence = CASE WHEN r2020_mal.evidence IS NULL OR r2020_mal.evidence = '' THEN 'Targeting Chrome, Edge, and Firefox users since at least 2020.' ELSE r2020_mal.evidence END,
  r2020_mal.source_id = CASE WHEN r2020_mal.source_id IS NULL OR r2020_mal.source_id = '' THEN 'vmware-carbonblack-mdr' ELSE r2020_mal.source_id END
MERGE (inc_2020)-[r2020_tgt:targets]->(v_browser_users)
ON CREATE SET r2020_tgt.evidence = 'Targeting users of Chrome, Edge, and Firefox since at least 2020.', r2020_tgt.source_id = 'vmware-carbonblack-mdr'
ON MATCH SET
  r2020_tgt.evidence = CASE WHEN r2020_tgt.evidence IS NULL OR r2020_tgt.evidence = '' THEN 'Targeting users of Chrome, Edge, and Firefox since at least 2020.' ELSE r2020_tgt.evidence END,
  r2020_tgt.source_id = CASE WHEN r2020_tgt.source_id IS NULL OR r2020_tgt.source_id = '' THEN 'vmware-carbonblack-mdr' ELSE r2020_tgt.source_id END
MERGE (v_browser_users)-[:targets_sector]->(s_other)
MERGE (inc_2020)-[:targets_sector]->(s_other)
MERGE (inc_2020)-[:supported_by {quote:'targeting users of Chrome, Edge, and Firefox browsers since at least 2020'}]->(src_vmware)

MERGE (inc_oct)-[roct_mal:involved_malware]->(m_malware)
ON CREATE SET roct_mal.evidence = 'New version leveraging PowerShell command modifications and legitimate-looking, digitally signed payloads; infections rising since late October.', roct_mal.source_id = 'vmware-carbonblack-mdr'
ON MATCH SET
  roct_mal.evidence = CASE WHEN roct_mal.evidence IS NULL OR roct_mal.evidence = '' THEN 'New version leveraging PowerShell command modifications and legitimate-looking, digitally signed payloads; infections rising since late October.' ELSE roct_mal.evidence END,
  roct_mal.source_id = CASE WHEN roct_mal.source_id IS NULL OR roct_mal.source_id = '' THEN 'vmware-carbonblack-mdr' ELSE roct_mal.source_id END
MERGE (inc_oct)-[roct_tool:involved_tool]->(t_ps)
ON CREATE SET roct_tool.evidence = 'Leveraging PowerShell command modifications.', roct_tool.source_id = 'vmware-carbonblack-mdr'
ON MATCH SET
  roct_tool.evidence = CASE WHEN roct_tool.evidence IS NULL OR roct_tool.evidence = '' THEN 'Leveraging PowerShell command modifications.' ELSE roct_tool.evidence END,
  roct_tool.source_id = CASE WHEN roct_tool.source_id IS NULL OR roct_tool.source_id = '' THEN 'vmware-carbonblack-mdr' ELSE roct_tool.source_id END
MERGE (inc_oct)-[:supported_by {quote:'observed the new version ... leveraging PowerShell command modifications and legitimate-looking, digitally signed payloads'}]->(src_vmware)

MERGE (inc_caps)-[rcaps_mal:involved_malware]->(m_malware)
ON CREATE SET rcaps_mal.evidence = 'Identified as capable of functioning as a full-fledged backdoor with C2 support, dropper/loader behavior, process hollowing, and PowerShell execution.', rcaps_mal.source_id = 'morphisec-jupyter-tracking'
ON MATCH SET
  rcaps_mal.evidence = CASE WHEN rcaps_mal.evidence IS NULL OR rcaps_mal.evidence = '' THEN 'Identified as capable of functioning as a full-fledged backdoor with C2 support, dropper/loader behavior, process hollowing, and PowerShell execution.' ELSE rcaps_mal.evidence END,
  rcaps_mal.source_id = CASE WHEN rcaps_mal.source_id IS NULL OR rcaps_mal.source_id = '' THEN 'morphisec-jupyter-tracking' ELSE rcaps_mal.source_id END
MERGE (inc_caps)-[rcaps_tool:involved_tool]->(t_ps)
ON CREATE SET rcaps_tool.evidence = 'Executing PowerShell scripts and commands.', rcaps_tool.source_id = 'morphisec-jupyter-tracking'
ON MATCH SET
  rcaps_tool.evidence = CASE WHEN rcaps_tool.evidence IS NULL OR rcaps_tool.evidence = '' THEN 'Executing PowerShell scripts and commands.' ELSE rcaps_tool.evidence END,
  rcaps_tool.source_id = CASE WHEN rcaps_tool.source_id IS NULL OR rcaps_tool.source_id = '' THEN 'morphisec-jupyter-tracking' ELSE rcaps_tool.source_id END
MERGE (inc_caps)-[:supported_by {quote:'support for command and control (C2) communications ... hollowing shell code ... executing PowerShell scripts and commands'}]->(src_morphisec)
MERGE (inc_caps)-[:supported_by {quote:'capable of functioning as a full-fledged backdoor'}]->(src_blackberry)

MERGE (inc_crypto)-[rcrypto_mal:involved_malware]->(m_malware)
ON CREATE SET rcrypto_mal.evidence = 'Observed targeting crypto-wallets and accessing OpenVPN and Remote Desktop Protocol.', rcrypto_mal.source_id = 'blackberry-jupyter-observations'
ON MATCH SET
  rcrypto_mal.evidence = CASE WHEN rcrypto_mal.evidence IS NULL OR rcrypto_mal.evidence = '' THEN 'Observed targeting crypto-wallets and accessing OpenVPN and Remote Desktop Protocol.' ELSE rcrypto_mal.evidence END,
  rcrypto_mal.source_id = CASE WHEN rcrypto_mal.source_id IS NULL OR rcrypto_mal.source_id = '' THEN 'blackberry-jupyter-observations' ELSE rcrypto_mal.source_id END
MERGE (inc_crypto)-[rcrypto_tgt1:targets]->(v_crypto_users)
ON CREATE SET rcrypto_tgt1.evidence = 'Targeting crypto-wallets (Ethereum Wallet, MyMonero Wallet, Atomic Wallet).', rcrypto_tgt1.source_id = 'blackberry-jupyter-observations'
ON MATCH SET
  rcrypto_tgt1.evidence = CASE WHEN rcrypto_tgt1.evidence IS NULL OR rcrypto_tgt1.evidence = '' THEN 'Targeting crypto-wallets (Ethereum Wallet, MyMonero Wallet, Atomic Wallet).' ELSE rcrypto_tgt1.evidence END,
  rcrypto_tgt1.source_id = CASE WHEN rcrypto_tgt1.source_id IS NULL OR rcrypto_tgt1.source_id = '' THEN 'blackberry-jupyter-observations' ELSE rcrypto_tgt1.source_id END
MERGE (inc_crypto)-[rcrypto_tgt2:targets]->(v_remote_access_users)
ON CREATE SET rcrypto_tgt2.evidence = 'Accessing OpenVPN, Remote Desktop Protocol, and other remote access applications.', rcrypto_tgt2.source_id = 'blackberry-jupyter-observations'
ON MATCH SET
  rcrypto_tgt2.evidence = CASE WHEN rcrypto_tgt2.evidence IS NULL OR rcrypto_tgt2.evidence = '' THEN 'Accessing OpenVPN, Remote Desktop Protocol, and other remote access applications.' ELSE rcrypto_tgt2.evidence END,
  rcrypto_tgt2.source_id = CASE WHEN rcrypto_tgt2.source_id IS NULL OR rcrypto_tgt2.source_id = '' THEN 'blackberry-jupyter-observations' ELSE rcrypto_tgt2.source_id END
MERGE (v_crypto_users)-[:targets_sector]->(s_fin)
MERGE (inc_crypto)-[:targets_sector]->(s_fin)
MERGE (v_remote_access_users)-[:targets_sector]->(s_other)
MERGE (inc_crypto)-[:supported_by {quote:'observing Jupyter also targeting crypto-wallets ... and accessing OpenVPN, Remote Desktop Protocol'}]->(src_blackberry)

MERGE (m_malware)-[:supported_by {quote:'also referred to as Yellow Cockatoo, Solarmarker, and Polazert'}]->(src_vmware)
MERGE (m_alias1)-[:supported_by {quote:'also referred to as Yellow Cockatoo'}]->(src_vmware)
MERGE (m_alias2)-[:supported_by {quote:'also referred to as Solarmarker'}]->(src_vmware)
MERGE (m_alias3)-[:supported_by {quote:'also referred to as Polazert'}]->(src_vmware);"
mastodon-vulnerability-allows-attackers-to-take-over-accounts.json,"MERGE (cve_2024_23832:CVE {id:'CVE-2024-23832'})
ON CREATE SET
  cve_2024_23832.summary = 'Critical Mastodon vulnerability due to insufficient origin validation that allows attackers to impersonate users and take over remote accounts.'
ON MATCH SET
  cve_2024_23832.summary = CASE WHEN cve_2024_23832.summary IS NULL OR trim(cve_2024_23832.summary) = '' THEN 'Critical Mastodon vulnerability due to insufficient origin validation that allows attackers to impersonate users and take over remote accounts.' ELSE cve_2024_23832.summary END
WITH cve_2024_23832
MERGE (cve_2023_36460:CVE {id:'CVE-2023-36460'})
ON CREATE SET
  cve_2023_36460.published_date = date('2023-07-01'),
  cve_2023_36460.summary = ""Critical Mastodon bug dubbed 'TootRoot' that allowed attackers to send crafted 'toots' to create web shells on target instances, enabling full server compromise, access to sensitive user information/communications, and backdoor placement.""
ON MATCH SET
  cve_2023_36460.published_date = CASE WHEN cve_2023_36460.published_date IS NULL THEN date('2023-07-01') ELSE cve_2023_36460.published_date END,
  cve_2023_36460.summary = CASE WHEN cve_2023_36460.summary IS NULL OR trim(cve_2023_36460.summary) = '' THEN ""Critical Mastodon bug dubbed 'TootRoot' that allowed attackers to send crafted 'toots' to create web shells on target instances, enabling full server compromise, access to sensitive user information/communications, and backdoor placement."" ELSE cve_2023_36460.summary END;"
fargo-ransomware-attacking-microsoft-sql-servers.json,"MERGE (malware_fargo:Malware {name:'FARGO'})
ON CREATE SET
  malware_fargo.family = 'Mallox',
  malware_fargo.summary = 'Ransomware targeting vulnerable Microsoft SQL servers; associated with Mallox/TargetCompany naming. Uses powershell.exe/cmd.exe to download a .NET payload, fetches additional malware, runs a .BAT to terminate processes/services, disables recovery, kills processes, encrypts and renames files with .Fargo3, drops ransom note RECOVERY FILES.txt, demands Bitcoin; threatens to leak stolen files via Telegram.'
ON MATCH SET
  malware_fargo.family = CASE WHEN malware_fargo.family IS NULL OR malware_fargo.family = '' THEN 'Mallox' ELSE malware_fargo.family END,
  malware_fargo.summary = CASE WHEN malware_fargo.summary IS NULL OR malware_fargo.summary = '' THEN 'Ransomware targeting vulnerable Microsoft SQL servers; associated with Mallox/TargetCompany naming. Uses powershell.exe/cmd.exe to download a .NET payload, fetches additional malware, runs a .BAT to terminate processes/services, disables recovery, kills processes, encrypts and renames files with .Fargo3, drops ransom note RECOVERY FILES.txt, demands Bitcoin; threatens to leak stolen files via Telegram.' ELSE malware_fargo.summary END
WITH malware_fargo
MERGE (tool_cobalt:Tool {name:'Cobalt Strike'})
ON CREATE SET tool_cobalt.summary = 'Commercial penetration-testing tool often abused by threat actors; beacons observed dropped in FARGO attacks (Feb 2022).'
ON MATCH SET tool_cobalt.summary = CASE WHEN tool_cobalt.summary IS NULL OR tool_cobalt.summary = '' THEN 'Commercial penetration-testing tool often abused by threat actors; beacons observed dropped in FARGO attacks (Feb 2022).' ELSE tool_cobalt.summary END
WITH malware_fargo, tool_cobalt
MERGE (c2_telegram:C2_Infrastructure {service:'Telegram'})
ON CREATE SET c2_telegram.summary = 'Messaging platform used for leak site / extortion threats (threat actors threaten to expose stolen files on Telegram in latest FARGO attacks).'
ON MATCH SET c2_telegram.summary = CASE WHEN c2_telegram.summary IS NULL OR c2_telegram.summary = '' THEN 'Messaging platform used for leak site / extortion threats (threat actors threaten to expose stolen files on Telegram in latest FARGO attacks).' ELSE c2_telegram.summary END
WITH malware_fargo, tool_cobalt, c2_telegram
MERGE (tech_sql_service:Technique {technique_id:'T1133'})
ON CREATE SET tech_sql_service.name = 'External Remote Services', tech_sql_service.tactic = 'Initial Access', tech_sql_service.summary = 'Abuse of externally facing services; here, vulnerable Microsoft SQL servers are hijacked/targeted.'
ON MATCH SET
  tech_sql_service.name = CASE WHEN tech_sql_service.name IS NULL OR tech_sql_service.name = '' THEN 'External Remote Services' ELSE tech_sql_service.name END,
  tech_sql_service.tactic = CASE WHEN tech_sql_service.tactic IS NULL OR tech_sql_service.tactic = '' THEN 'Initial Access' ELSE tech_sql_service.tactic END,
  tech_sql_service.summary = CASE WHEN tech_sql_service.summary IS NULL OR tech_sql_service.summary = '' THEN 'Abuse of externally facing services; here, vulnerable Microsoft SQL servers are hijacked/targeted.' ELSE tech_sql_service.summary END
WITH malware_fargo, tool_cobalt, c2_telegram, tech_sql_service
MERGE (tech_bruteforce:Technique {technique_id:'T1110'})
ON CREATE SET tech_bruteforce.name = 'Brute Force', tech_bruteforce.tactic = 'Credential Access', tech_bruteforce.summary = 'Database servers are often compromised via brute-force, likely enabled by weak credentials.'
ON MATCH SET
  tech_bruteforce.name = CASE WHEN tech_bruteforce.name IS NULL OR tech_bruteforce.name = '' THEN 'Brute Force' ELSE tech_bruteforce.name END,
  tech_bruteforce.tactic = CASE WHEN tech_bruteforce.tactic IS NULL OR tech_bruteforce.tactic = '' THEN 'Credential Access' ELSE tech_bruteforce.tactic END,
  tech_bruteforce.summary = CASE WHEN tech_bruteforce.summary IS NULL OR tech_bruteforce.summary = '' THEN 'Database servers are often compromised via brute-force, likely enabled by weak credentials.' ELSE tech_bruteforce.summary END
WITH malware_fargo, tool_cobalt, c2_telegram, tech_sql_service, tech_bruteforce
MERGE (mot_fin:Motivation {type:'financial'})
WITH malware_fargo, tool_cobalt, c2_telegram, tech_sql_service, tech_bruteforce, mot_fin
MERGE (ta_fargo:ThreatActor {name:'FARGO threat actors'})
ON CREATE SET
  ta_fargo.sponsor = null,
  ta_fargo.motivation = 'financial',
  ta_fargo.summary = 'Unspecified threat actors operating FARGO ransomware campaigns against vulnerable Microsoft SQL servers; observed dropping Cobalt Strike beacons (Feb 2022), hijacking SQL servers for proxy bandwidth (Jul 2022), and conducting ransom extortion with threats to expose stolen files on Telegram.'
ON MATCH SET
  ta_fargo.motivation = CASE WHEN ta_fargo.motivation IS NULL OR ta_fargo.motivation = '' THEN 'financial' ELSE ta_fargo.motivation END,
  ta_fargo.summary = CASE WHEN ta_fargo.summary IS NULL OR ta_fargo.summary = '' THEN 'Unspecified threat actors operating FARGO ransomware campaigns against vulnerable Microsoft SQL servers; observed dropping Cobalt Strike beacons (Feb 2022), hijacking SQL servers for proxy bandwidth (Jul 2022), and conducting ransom extortion with threats to expose stolen files on Telegram.' ELSE ta_fargo.summary END
WITH malware_fargo, tool_cobalt, c2_telegram, tech_sql_service, tech_bruteforce, mot_fin, ta_fargo
MERGE (ta_fargo)-[:motivated_by]->(mot_fin)
WITH malware_fargo, tool_cobalt, c2_telegram, tech_sql_service, tech_bruteforce, ta_fargo
MERGE (ta_mallox_alias:ThreatActor {name:'Mallox'})
ON CREATE SET ta_mallox_alias.summary = 'Alias/name associated with FARGO ransomware (also known as Mallox).'
ON MATCH SET ta_mallox_alias.summary = CASE WHEN ta_mallox_alias.summary IS NULL OR ta_mallox_alias.summary = '' THEN 'Alias/name associated with FARGO ransomware (also known as Mallox).' ELSE ta_mallox_alias.summary END
WITH malware_fargo, tool_cobalt, c2_telegram, tech_sql_service, tech_bruteforce, ta_fargo, ta_mallox_alias
MERGE (ta_targetcompany_alias:ThreatActor {name:'TargetCompany'})
ON CREATE SET ta_targetcompany_alias.summary = 'Alias/name associated with FARGO ransomware (also known as TargetCompany).'
ON MATCH SET ta_targetcompany_alias.summary = CASE WHEN ta_targetcompany_alias.summary IS NULL OR ta_targetcompany_alias.summary = '' THEN 'Alias/name associated with FARGO ransomware (also known as TargetCompany).' ELSE ta_targetcompany_alias.summary END
WITH malware_fargo, tool_cobalt, c2_telegram, tech_sql_service, tech_bruteforce, ta_fargo, ta_mallox_alias, ta_targetcompany_alias
MERGE (ta_fargo)-[:has_alias {date: date('2022-01-01')}]->(ta_mallox_alias)
MERGE (ta_fargo)-[:has_alias {date: date('2022-01-01')}]->(ta_targetcompany_alias)
WITH malware_fargo, tool_cobalt, c2_telegram, tech_sql_service, tech_bruteforce, ta_fargo
MERGE (ta_fargo)-[:uses {date: date('2022-02-01'), evidence:'In February 2022, the threat actors behind FARGO attacks dropped Cobalt Strike beacons.'}]->(tool_cobalt)
WITH malware_fargo, tool_cobalt, c2_telegram, tech_sql_service, tech_bruteforce, ta_fargo
MERGE (ta_fargo)-[:uses {date: date('2022-01-01'), evidence:'Threat actors are infecting targeted systems with FARGO ransomware.'}]->(malware_fargo)
WITH malware_fargo, tool_cobalt, c2_telegram, tech_sql_service, tech_bruteforce, ta_fargo
MERGE (ta_fargo)-[:abuses {date: date('2022-01-01'), evidence:'If owners refuse to pay, threat actors threaten to expose stolen files on Telegram.'}]->(c2_telegram)
WITH malware_fargo, tool_cobalt, c2_telegram, tech_sql_service, tech_bruteforce, ta_fargo
MERGE (incident_fargo_2022_02:Incident {id:'fargo-sql-2022-02'})
ON CREATE SET
  incident_fargo_2022_02.date = date('2022-02-01'),
  incident_fargo_2022_02.type = 'intrusion',
  incident_fargo_2022_02.summary = 'Threat actors behind FARGO attacks dropped Cobalt Strike beacons on compromised systems (Feb 2022).'
ON MATCH SET
  incident_fargo_2022_02.date = CASE WHEN incident_fargo_2022_02.date IS NULL THEN date('2022-02-01') ELSE incident_fargo_2022_02.date END,
  incident_fargo_2022_02.type = CASE WHEN incident_fargo_2022_02.type IS NULL OR incident_fargo_2022_02.type = '' THEN 'intrusion' ELSE incident_fargo_2022_02.type END,
  incident_fargo_2022_02.summary = CASE WHEN incident_fargo_2022_02.summary IS NULL OR incident_fargo_2022_02.summary = '' THEN 'Threat actors behind FARGO attacks dropped Cobalt Strike beacons on compromised systems (Feb 2022).' ELSE incident_fargo_2022_02.summary END
WITH malware_fargo, tool_cobalt, c2_telegram, tech_sql_service, tech_bruteforce, ta_fargo, incident_fargo_2022_02
MERGE (incident_fargo_2022_02)-[:attributed_to {confidence:'unknown', evidence:'In February 2022, the threat actors behind FARGO attacks dropped Cobalt Strike beacons.'}]->(ta_fargo)
MERGE (incident_fargo_2022_02)-[:involved_malware {evidence:'FARGO attacks (Feb 2022) involved FARGO ransomware activity.'}]->(malware_fargo)
MERGE (incident_fargo_2022_02)-[:involved_tool {evidence:'Dropped Cobalt Strike beacons during FARGO attacks (Feb 2022).'}]->(tool_cobalt)
MERGE (incident_fargo_2022_02)-[:used_technique {phase:'Initial Access', details:'targeting/hijacking vulnerable Microsoft SQL servers', evidence:'Vulnerable Microsoft SQL servers are being targeted by threat actors and infected with FARGO ransomware.'}]->(tech_sql_service)
WITH malware_fargo, tool_cobalt, c2_telegram, tech_sql_service, tech_bruteforce, ta_fargo
MERGE (incident_fargo_2022_07:Incident {id:'fargo-sql-2022-07'})
ON CREATE SET
  incident_fargo_2022_07.date = date('2022-07-01'),
  incident_fargo_2022_07.type = 'intrusion',
  incident_fargo_2022_07.summary = 'By July 2022, threat actors hijacked vulnerable Microsoft SQL servers to steal bandwidth for proxy services.'
ON MATCH SET
  incident_fargo_2022_07.date = CASE WHEN incident_fargo_2022_07.date IS NULL THEN date('2022-07-01') ELSE incident_fargo_2022_07.date END,
  incident_fargo_2022_07.type = CASE WHEN incident_fargo_2022_07.type IS NULL OR incident_fargo_2022_07.type = '' THEN 'intrusion' ELSE incident_fargo_2022_07.type END,
  incident_fargo_2022_07.summary = CASE WHEN incident_fargo_2022_07.summary IS NULL OR incident_fargo_2022_07.summary = '' THEN 'By July 2022, threat actors hijacked vulnerable Microsoft SQL servers to steal bandwidth for proxy services.' ELSE incident_fargo_2022_07.summary END
WITH malware_fargo, c2_telegram, tech_sql_service, tech_bruteforce, ta_fargo, incident_fargo_2022_07
MERGE (incident_fargo_2022_07)-[:attributed_to {confidence:'unknown', evidence:'By July 2022, they were hijacking vulnerable Microsoft SQL servers to steal bandwidth for their own proxy services.'}]->(ta_fargo)
MERGE (incident_fargo_2022_07)-[:used_technique {phase:'Initial Access', details:'hijacking vulnerable Microsoft SQL servers', evidence:'By July 2022, they were hijacking vulnerable Microsoft SQL servers to steal bandwidth for their own proxy services.'}]->(tech_sql_service)
WITH malware_fargo, c2_telegram, tech_sql_service, tech_bruteforce, ta_fargo
MERGE (incident_fargo_ransomware:Incident {id:'fargo-sql-ransomware-latest'})
ON CREATE SET
  incident_fargo_ransomware.type = 'ransomware',
  incident_fargo_ransomware.double_extortion = true,
  incident_fargo_ransomware.summary = 'Latest FARGO attacks blackmail database owners to pay ransom (Bitcoin) and threaten to expose stolen files on Telegram if they refuse; ransomware disables recovery, kills processes, encrypts files (.Fargo3), and drops ransom note RECOVERY FILES.txt.'
ON MATCH SET
  incident_fargo_ransomware.type = CASE WHEN incident_fargo_ransomware.type IS NULL OR incident_fargo_ransomware.type = '' THEN 'ransomware' ELSE incident_fargo_ransomware.type END,
  incident_fargo_ransomware.double_extortion = CASE WHEN incident_fargo_ransomware.double_extortion IS NULL THEN true ELSE incident_fargo_ransomware.double_extortion END,
  incident_fargo_ransomware.summary = CASE WHEN incident_fargo_ransomware.summary IS NULL OR incident_fargo_ransomware.summary = '' THEN 'Latest FARGO attacks blackmail database owners to pay ransom (Bitcoin) and threaten to expose stolen files on Telegram if they refuse; ransomware disables recovery, kills processes, encrypts files (.Fargo3), and drops ransom note RECOVERY FILES.txt.' ELSE incident_fargo_ransomware.summary END
WITH malware_fargo, c2_telegram, tech_sql_service, tech_bruteforce, ta_fargo, incident_fargo_ransomware
MERGE (incident_fargo_ransomware)-[:attributed_to {confidence:'unknown', evidence:'The latest FARGO attacks blackmail database owners into paying the demanded ransom.'}]->(ta_fargo)
MERGE (incident_fargo_ransomware)-[:involved_malware {evidence:'Systems are infected with FARGO ransomware targeting Microsoft SQL servers.'}]->(malware_fargo)
MERGE (incident_fargo_ransomware)-[:used_technique {phase:'Initial Access', details:'targeting/hijacking vulnerable Microsoft SQL servers', evidence:'Vulnerable Microsoft SQL servers are currently being targeted by threat actors and infected with FARGO ransomware.'}]->(tech_sql_service)
MERGE (incident_fargo_ransomware)-[:used_technique {phase:'Initial Access', details:'brute-force against database servers (weak credentials)', evidence:'Database servers are often compromised via brute-force... likely due to weak credentials.'}]->(tech_bruteforce)
MERGE (ta_fargo)-[:abuses {evidence:'Threat actors threaten to expose stolen files on Telegram if ransom is not paid.'}]->(c2_telegram)
WITH incident_fargo_ransomware
MERGE (mit_patch:Mitigation {name:'Security Patching'})
ON CREATE SET mit_patch.summary = 'Keep devices updated with the latest security patches to reduce risk from well-known and unpatched vulnerabilities.'
ON MATCH SET mit_patch.summary = CASE WHEN mit_patch.summary IS NULL OR mit_patch.summary = '' THEN 'Keep devices updated with the latest security patches to reduce risk from well-known and unpatched vulnerabilities.' ELSE mit_patch.summary END
WITH incident_fargo_ransomware, mit_patch
MERGE (mit_patch)-[:mitigates {status:'recommended', observed_effectiveness:'Reduces exposure to exploitation of well-known and unpatched vulnerabilities used to compromise database servers.', evidence:'Organizations should keep their devices updated with the latest security patches.'}]->(incident_fargo_ransomware)
WITH incident_fargo_ransomware
MERGE (mit_passwords:Mitigation {name:'Strong Passwords'})
ON CREATE SET mit_passwords.summary = 'Maintain strong passwords to reduce brute-force compromise of database servers.'
ON MATCH SET mit_passwords.summary = CASE WHEN mit_passwords.summary IS NULL OR mit_passwords.summary = '' THEN 'Maintain strong passwords to reduce brute-force compromise of database servers.' ELSE mit_passwords.summary END
WITH incident_fargo_ransomware, mit_passwords
MERGE (mit_passwords)-[:mitigates {status:'recommended', observed_effectiveness:'Reduces likelihood of successful brute-force where weak credentials enable compromise.', evidence:'Maintain strong passwords; brute-force compromise is likely due to weak credentials.'}]->(incident_fargo_ransomware)"
purplefox-malware-infects-thousands-of-computers-in-ukraine.json,"MERGE (m_malware_purplefox:Malware {name:'PurpleFox'})
ON CREATE SET
  m_malware_purplefox.family = 'PurpleFox',
  m_malware_purplefox.summary = 'PurpleFox (aka DirtyMoe) is a modular Windows botnet malware first spotted in 2018. It includes a rootkit module to hide and persist across reboots, can function as a downloader for second-stage payloads, provides backdoor capability, and can act as a DDoS bot. Newer versions switched to WebSocket for C2 (Oct 2021). In Jan 2022 it was distributed disguised as a Telegram desktop app; CERT-UA tracked related infections in Ukraine as UAC-0027. Infection often occurs via trojanized MSI installers; it can self-propagate via exploiting known flaws and password brute-forcing.'
ON MATCH SET
  m_malware_purplefox.family = CASE WHEN m_malware_purplefox.family IS NULL OR m_malware_purplefox.family = '' THEN 'PurpleFox' ELSE m_malware_purplefox.family END,
  m_malware_purplefox.summary = CASE WHEN m_malware_purplefox.summary IS NULL OR m_malware_purplefox.summary = '' THEN 'PurpleFox (aka DirtyMoe) is a modular Windows botnet malware first spotted in 2018. It includes a rootkit module to hide and persist across reboots, can function as a downloader for second-stage payloads, provides backdoor capability, and can act as a DDoS bot. Newer versions switched to WebSocket for C2 (Oct 2021). In Jan 2022 it was distributed disguised as a Telegram desktop app; CERT-UA tracked related infections in Ukraine as UAC-0027. Infection often occurs via trojanized MSI installers; it can self-propagate via exploiting known flaws and password brute-forcing.' ELSE m_malware_purplefox.summary END
MERGE (ta_actor_dirtymoe:ThreatActor {name:'DirtyMoe'})
ON CREATE SET
  ta_actor_dirtymoe.summary = 'Alias used for the PurpleFox malware/botnet (aka DirtyMoe).'
ON MATCH SET
  ta_actor_dirtymoe.summary = CASE WHEN ta_actor_dirtymoe.summary IS NULL OR ta_actor_dirtymoe.summary = '' THEN 'Alias used for the PurpleFox malware/botnet (aka DirtyMoe).' ELSE ta_actor_dirtymoe.summary END
MERGE (ta_actor_purplefox_alias:ThreatActor {name:'PurpleFox'})
ON CREATE SET
  ta_actor_purplefox_alias.summary = 'Name used as an alias associated with the PurpleFox (DirtyMoe) malware/botnet.'
ON MATCH SET
  ta_actor_purplefox_alias.summary = CASE WHEN ta_actor_purplefox_alias.summary IS NULL OR ta_actor_purplefox_alias.summary = '' THEN 'Name used as an alias associated with the PurpleFox (DirtyMoe) malware/botnet.' ELSE ta_actor_purplefox_alias.summary END
MERGE (ta_actor_dirtymoe)-[r_has_alias_dirtymoe_purplefox:has_alias]->(ta_actor_purplefox_alias)
ON CREATE SET
  r_has_alias_dirtymoe_purplefox.date = date('2018-01-01')
ON MATCH SET
  r_has_alias_dirtymoe_purplefox.date = CASE WHEN r_has_alias_dirtymoe_purplefox.date IS NULL THEN date('2018-01-01') ELSE r_has_alias_dirtymoe_purplefox.date END
MERGE (c2_service_websocket:C2_Infrastructure {service:'WebSocket'})
ON CREATE SET
  c2_service_websocket.summary = 'Command-and-control channel/protocol used by newer PurpleFox versions (noted Oct 2021) for stealth.'
ON MATCH SET
  c2_service_websocket.summary = CASE WHEN c2_service_websocket.summary IS NULL OR c2_service_websocket.summary = '' THEN 'Command-and-control channel/protocol used by newer PurpleFox versions (noted Oct 2021) for stealth.' ELSE c2_service_websocket.summary END
MERGE (m_malware_purplefox)-[r_abuses_purplefox_websocket:abuses]->(c2_service_websocket)
ON CREATE SET
  r_abuses_purplefox_websocket.date = date('2021-10-01'),
  r_abuses_purplefox_websocket.evidence = 'In October 2021, researchers noticed new versions of PurpleFox switched to using WebSocket for command and control communications for stealth.'
ON MATCH SET
  r_abuses_purplefox_websocket.date = CASE WHEN r_abuses_purplefox_websocket.date IS NULL THEN date('2021-10-01') ELSE r_abuses_purplefox_websocket.date END,
  r_abuses_purplefox_websocket.evidence = CASE WHEN r_abuses_purplefox_websocket.evidence IS NULL OR r_abuses_purplefox_websocket.evidence = '' THEN 'In October 2021, researchers noticed new versions of PurpleFox switched to using WebSocket for command and control communications for stealth.' ELSE r_abuses_purplefox_websocket.evidence END
MERGE (camp_campaign_jan2022:Campaign {name:'PurpleFox Telegram-desktop disguise campaign (Jan 2022)'})
ON CREATE SET
  camp_campaign_jan2022.summary = 'Campaign observed in January 2022 spreading PurpleFox malware disguised as a Telegram desktop app.'
ON MATCH SET
  camp_campaign_jan2022.summary = CASE WHEN camp_campaign_jan2022.summary IS NULL OR camp_campaign_jan2022.summary = '' THEN 'Campaign observed in January 2022 spreading PurpleFox malware disguised as a Telegram desktop app.' ELSE camp_campaign_jan2022.summary END
MERGE (d_date_2022_01_01:Date {value:date('2022-01-01')})
MERGE (camp_campaign_jan2022)-[r_campaign_date:occurred_on]->(d_date_2022_01_01)
ON CREATE SET
  r_campaign_date.date = date('2022-01-01')
ON MATCH SET
  r_campaign_date.date = CASE WHEN r_campaign_date.date IS NULL THEN date('2022-01-01') ELSE r_campaign_date.date END
MERGE (camp_campaign_jan2022)-[r_campaign_includes_purplefox:includes]->(m_malware_purplefox)
ON CREATE SET
  r_campaign_includes_purplefox.date = date('2022-01-01'),
  r_campaign_includes_purplefox.evidence = 'In January 2022, a campaign spread the malware under the guise of a Telegram desktop app.'
ON MATCH SET
  r_campaign_includes_purplefox.date = CASE WHEN r_campaign_includes_purplefox.date IS NULL THEN date('2022-01-01') ELSE r_campaign_includes_purplefox.date END,
  r_campaign_includes_purplefox.evidence = CASE WHEN r_campaign_includes_purplefox.evidence IS NULL OR r_campaign_includes_purplefox.evidence = '' THEN 'In January 2022, a campaign spread the malware under the guise of a Telegram desktop app.' ELSE r_campaign_includes_purplefox.evidence END
MERGE (v_victim_ukrainian_computers:Victim {name:'Ukrainian computers'})
ON CREATE SET
  v_victim_ukrainian_computers.country_iso2 = 'UA',
  v_victim_ukrainian_computers.summary = 'Computers in Ukraine where CERT-UA identified PurpleFox infections (tracked as UAC-0027).'
ON MATCH SET
  v_victim_ukrainian_computers.country_iso2 = CASE WHEN v_victim_ukrainian_computers.country_iso2 IS NULL OR v_victim_ukrainian_computers.country_iso2 = '' THEN 'UA' ELSE v_victim_ukrainian_computers.country_iso2 END,
  v_victim_ukrainian_computers.summary = CASE WHEN v_victim_ukrainian_computers.summary IS NULL OR v_victim_ukrainian_computers.summary = '' THEN 'Computers in Ukraine where CERT-UA identified PurpleFox infections (tracked as UAC-0027).' ELSE v_victim_ukrainian_computers.summary END
MERGE (ctry_ua:Country {iso2:'UA'})
ON CREATE SET
  ctry_ua.name = 'Ukraine'
ON MATCH SET
  ctry_ua.name = CASE WHEN ctry_ua.name IS NULL OR ctry_ua.name = '' THEN 'Ukraine' ELSE ctry_ua.name END
MERGE (v_victim_ukrainian_computers)-[:located_in]->(ctry_ua)
MERGE (inc_uac_0027:Incident {id:'UAC-0027'})
ON CREATE SET
  inc_uac_0027.date = date('2022-01-01'),
  inc_uac_0027.type = 'malware infection',
  inc_uac_0027.summary = 'CERT-UA identified PurpleFox malware infections on Ukrainian computers and tracked the activity under the identifier UAC-0027. CERT-UA notes PurpleFox infections typically occur when victims run trojanized MSI installers; it can self-propagate via exploiting known flaws and password brute-forcing.'
ON MATCH SET
  inc_uac_0027.date = CASE WHEN inc_uac_0027.date IS NULL THEN date('2022-01-01') ELSE inc_uac_0027.date END,
  inc_uac_0027.type = CASE WHEN inc_uac_0027.type IS NULL OR inc_uac_0027.type = '' THEN 'malware infection' ELSE inc_uac_0027.type END,
  inc_uac_0027.summary = CASE WHEN inc_uac_0027.summary IS NULL OR inc_uac_0027.summary = '' THEN 'CERT-UA identified PurpleFox malware infections on Ukrainian computers and tracked the activity under the identifier UAC-0027. CERT-UA notes PurpleFox infections typically occur when victims run trojanized MSI installers; it can self-propagate via exploiting known flaws and password brute-forcing.' ELSE inc_uac_0027.summary END
MERGE (inc_uac_0027)-[:occurred_in]->(ctry_ua)
MERGE (inc_uac_0027)-[r_inc_targets_victim:targets]->(v_victim_ukrainian_computers)
ON CREATE SET
  r_inc_targets_victim.date = date('2022-01-01'),
  r_inc_targets_victim.evidence = 'CERT-UA used IoCs shared by Avast and TrendMicro to identify PurpleFox malware infections on Ukrainian computers, tracking the activity under the identifier UAC-0027.'
ON MATCH SET
  r_inc_targets_victim.date = CASE WHEN r_inc_targets_victim.date IS NULL THEN date('2022-01-01') ELSE r_inc_targets_victim.date END,
  r_inc_targets_victim.evidence = CASE WHEN r_inc_targets_victim.evidence IS NULL OR r_inc_targets_victim.evidence = '' THEN 'CERT-UA used IoCs shared by Avast and TrendMicro to identify PurpleFox malware infections on Ukrainian computers, tracking the activity under the identifier UAC-0027.' ELSE r_inc_targets_victim.evidence END
MERGE (inc_uac_0027)-[r_inc_involved_malware:involved_malware]->(m_malware_purplefox)
ON CREATE SET
  r_inc_involved_malware.evidence = 'CERT-UA identified PurpleFox malware infections and tracked the activity as UAC-0027.'
ON MATCH SET
  r_inc_involved_malware.evidence = CASE WHEN r_inc_involved_malware.evidence IS NULL OR r_inc_involved_malware.evidence = '' THEN 'CERT-UA identified PurpleFox malware infections and tracked the activity as UAC-0027.' ELSE r_inc_involved_malware.evidence END
MERGE (t_msi_trojan:Technique {technique_id:'T1204'})
ON CREATE SET
  t_msi_trojan.name = 'User Execution',
  t_msi_trojan.tactic = 'Execution',
  t_msi_trojan.summary = 'Execution via user running a malicious installer (e.g., laced MSI installers).'
ON MATCH SET
  t_msi_trojan.name = CASE WHEN t_msi_trojan.name IS NULL OR t_msi_trojan.name = '' THEN 'User Execution' ELSE t_msi_trojan.name END,
  t_msi_trojan.tactic = CASE WHEN t_msi_trojan.tactic IS NULL OR t_msi_trojan.tactic = '' THEN 'Execution' ELSE t_msi_trojan.tactic END,
  t_msi_trojan.summary = CASE WHEN t_msi_trojan.summary IS NULL OR t_msi_trojan.summary = '' THEN 'Execution via user running a malicious installer (e.g., laced MSI installers).' ELSE t_msi_trojan.summary END
MERGE (inc_uac_0027)-[r_used_userexec:used_technique]->(t_msi_trojan)
ON CREATE SET
  r_used_userexec.phase = 'Execution',
  r_used_userexec.details = 'Victims launch laced MSI installers',
  r_used_userexec.evidence = 'CERT-UA says PurpleFox typically infects systems when victims launch laced MSI installers.'
ON MATCH SET
  r_used_userexec.phase = CASE WHEN r_used_userexec.phase IS NULL OR r_used_userexec.phase = '' THEN 'Execution' ELSE r_used_userexec.phase END,
  r_used_userexec.details = CASE WHEN r_used_userexec.details IS NULL OR r_used_userexec.details = '' THEN 'Victims launch laced MSI installers' ELSE r_used_userexec.details END,
  r_used_userexec.evidence = CASE WHEN r_used_userexec.evidence IS NULL OR r_used_userexec.evidence = '' THEN 'CERT-UA says PurpleFox typically infects systems when victims launch laced MSI installers.' ELSE r_used_userexec.evidence END
MERGE (t_exploit_public_app:Technique {technique_id:'T1190'})
ON CREATE SET
  t_exploit_public_app.name = 'Exploit Public-Facing Application',
  t_exploit_public_app.tactic = 'Initial Access',
  t_exploit_public_app.summary = 'Initial access or propagation by exploiting known vulnerabilities.'
ON MATCH SET
  t_exploit_public_app.name = CASE WHEN t_exploit_public_app.name IS NULL OR t_exploit_public_app.name = '' THEN 'Exploit Public-Facing Application' ELSE t_exploit_public_app.name END,
  t_exploit_public_app.tactic = CASE WHEN t_exploit_public_app.tactic IS NULL OR t_exploit_public_app.tactic = '' THEN 'Initial Access' ELSE t_exploit_public_app.tactic END,
  t_exploit_public_app.summary = CASE WHEN t_exploit_public_app.summary IS NULL OR t_exploit_public_app.summary = '' THEN 'Initial access or propagation by exploiting known vulnerabilities.' ELSE t_exploit_public_app.summary END
MERGE (inc_uac_0027)-[r_used_exploit:used_technique]->(t_exploit_public_app)
ON CREATE SET
  r_used_exploit.phase = 'Initial Access',
  r_used_exploit.details = 'Self-propagation using exploits for known flaws',
  r_used_exploit.evidence = 'CERT-UA highlights PurpleFox self-propagation capabilities using exploits for known flaws.'
ON MATCH SET
  r_used_exploit.phase = CASE WHEN r_used_exploit.phase IS NULL OR r_used_exploit.phase = '' THEN 'Initial Access' ELSE r_used_exploit.phase END,
  r_used_exploit.details = CASE WHEN r_used_exploit.details IS NULL OR r_used_exploit.details = '' THEN 'Self-propagation using exploits for known flaws' ELSE r_used_exploit.details END,
  r_used_exploit.evidence = CASE WHEN r_used_exploit.evidence IS NULL OR r_used_exploit.evidence = '' THEN 'CERT-UA highlights PurpleFox self-propagation capabilities using exploits for known flaws.' ELSE r_used_exploit.evidence END
MERGE (t_bruteforce:Technique {technique_id:'T1110'})
ON CREATE SET
  t_bruteforce.name = 'Brute Force',
  t_bruteforce.tactic = 'Credential Access',
  t_bruteforce.summary = 'Guessing passwords to gain access; mentioned as part of PurpleFox self-propagation.'
ON MATCH SET
  t_bruteforce.name = CASE WHEN t_bruteforce.name IS NULL OR t_bruteforce.name = '' THEN 'Brute Force' ELSE t_bruteforce.name END,
  t_bruteforce.tactic = CASE WHEN t_bruteforce.tactic IS NULL OR t_bruteforce.tactic = '' THEN 'Credential Access' ELSE t_bruteforce.tactic END,
  t_bruteforce.summary = CASE WHEN t_bruteforce.summary IS NULL OR t_bruteforce.summary = '' THEN 'Guessing passwords to gain access; mentioned as part of PurpleFox self-propagation.' ELSE t_bruteforce.summary END
MERGE (inc_uac_0027)-[r_used_bruteforce:used_technique]->(t_bruteforce)
ON CREATE SET
  r_used_bruteforce.phase = 'Credential Access',
  r_used_bruteforce.details = 'Password brute-forcing used for self-propagation',
  r_used_bruteforce.evidence = 'CERT-UA highlights PurpleFox self-propagation capabilities using ... password brute-forcing.'
ON MATCH SET
  r_used_bruteforce.phase = CASE WHEN r_used_bruteforce.phase IS NULL OR r_used_bruteforce.phase = '' THEN 'Credential Access' ELSE r_used_bruteforce.phase END,
  r_used_bruteforce.details = CASE WHEN r_used_bruteforce.details IS NULL OR r_used_bruteforce.details = '' THEN 'Password brute-forcing used for self-propagation' ELSE r_used_bruteforce.details END,
  r_used_bruteforce.evidence = CASE WHEN r_used_bruteforce.evidence IS NULL OR r_used_bruteforce.evidence = '' THEN 'CERT-UA highlights PurpleFox self-propagation capabilities using ... password brute-forcing.' ELSE r_used_bruteforce.evidence END"
russia-star-blizzard-apt-upgrades-stealth-unmasked.json,"MERGE (ta_StarBlizzard:ThreatActor {name:'Star Blizzard'})
ON CREATE SET ta_StarBlizzard.summary = 'Carries out email credential theft supporting cyberespionage and cyber influence campaigns since at least 2017; focuses on targets in NATO member countries and, in recent years, those supporting Ukraine; uses password-protected PDF lures to bypass email filters.',
              ta_StarBlizzard.motivation = 'espionage'
ON MATCH SET  ta_StarBlizzard.summary = CASE WHEN ta_StarBlizzard.summary IS NULL OR trim(ta_StarBlizzard.summary) = '' THEN 'Carries out email credential theft supporting cyberespionage and cyber influence campaigns since at least 2017; focuses on targets in NATO member countries and, in recent years, those supporting Ukraine; uses password-protected PDF lures to bypass email filters.' ELSE ta_StarBlizzard.summary END,
              ta_StarBlizzard.motivation = CASE WHEN ta_StarBlizzard.motivation IS NULL OR trim(ta_StarBlizzard.motivation) = '' THEN 'espionage' ELSE ta_StarBlizzard.motivation END
MERGE (mot_espionage:Motivation {type:'espionage'})
MERGE (ta_StarBlizzard)-[:motivated_by]->(mot_espionage)
MERGE (ta_Seaborgium:ThreatActor {name:'Seaborgium'})
MERGE (ta_BlueCharlie:ThreatActor {name:'BlueCharlie'})
MERGE (ta_CallistoGroup:ThreatActor {name:'Callisto Group'})
MERGE (ta_Coldriver:ThreatActor {name:'Coldriver'})
MERGE (ta_StarBlizzard)-[:has_alias {date: date('2017-01-01')}]->(ta_Seaborgium)
MERGE (ta_StarBlizzard)-[:has_alias {date: date('2017-01-01')}]->(ta_BlueCharlie)
MERGE (ta_StarBlizzard)-[:has_alias {date: date('2017-01-01')}]->(ta_CallistoGroup)
MERGE (ta_StarBlizzard)-[:has_alias {date: date('2017-01-01')}]->(ta_Coldriver)
MERGE (tech_T1566:Technique {technique_id:'T1566'})
ON CREATE SET tech_T1566.name='Phishing', tech_T1566.tactic='Initial Access', tech_T1566.summary='Phishing used for credential theft via emails and lure documents/links.'
ON MATCH SET  tech_T1566.name = CASE WHEN tech_T1566.name IS NULL OR trim(tech_T1566.name) = '' THEN 'Phishing' ELSE tech_T1566.name END,
              tech_T1566.tactic = CASE WHEN tech_T1566.tactic IS NULL OR trim(tech_T1566.tactic) = '' THEN 'Initial Access' ELSE tech_T1566.tactic END,
              tech_T1566.summary = CASE WHEN tech_T1566.summary IS NULL OR trim(tech_T1566.summary) = '' THEN 'Phishing used for credential theft via emails and lure documents/links.' ELSE tech_T1566.summary END
MERGE (tech_T1204:Technique {technique_id:'T1204'})
ON CREATE SET tech_T1204.name='User Execution', tech_T1204.tactic='Execution', tech_T1204.summary='Relies on users opening password-protected PDF lures or accessing linked protected PDFs.'
ON MATCH SET  tech_T1204.name = CASE WHEN tech_T1204.name IS NULL OR trim(tech_T1204.name) = '' THEN 'User Execution' ELSE tech_T1204.name END,
              tech_T1204.tactic = CASE WHEN tech_T1204.tactic IS NULL OR trim(tech_T1204.tactic) = '' THEN 'Execution' ELSE tech_T1204.tactic END,
              tech_T1204.summary = CASE WHEN tech_T1204.summary IS NULL OR trim(tech_T1204.summary) = '' THEN 'Relies on users opening password-protected PDF lures or accessing linked protected PDFs.' ELSE tech_T1204.summary END
MERGE (inc_StarBlizzard_2017:Incident {id:'star_blizzard_credential_theft_since_2017'})
ON CREATE SET inc_StarBlizzard_2017.date = date('2017-01-01'),
              inc_StarBlizzard_2017.type = 'credential theft',
              inc_StarBlizzard_2017.summary = 'Star Blizzard has carried out email credential theft in support of cyberespionage and cyber influence campaigns since at least 2017, using phishing emails with password-protected PDF lures and passwords sent in the same or follow-up emails.'
ON MATCH SET  inc_StarBlizzard_2017.date = CASE WHEN inc_StarBlizzard_2017.date IS NULL THEN date('2017-01-01') ELSE inc_StarBlizzard_2017.date END,
              inc_StarBlizzard_2017.type = CASE WHEN inc_StarBlizzard_2017.type IS NULL OR trim(inc_StarBlizzard_2017.type) = '' THEN 'credential theft' ELSE inc_StarBlizzard_2017.type END,
              inc_StarBlizzard_2017.summary = CASE WHEN inc_StarBlizzard_2017.summary IS NULL OR trim(inc_StarBlizzard_2017.summary) = '' THEN 'Star Blizzard has carried out email credential theft in support of cyberespionage and cyber influence campaigns since at least 2017, using phishing emails with password-protected PDF lures and passwords sent in the same or follow-up emails.' ELSE inc_StarBlizzard_2017.summary END
MERGE (inc_StarBlizzard_2017)-[:attributed_to {confidence:'high', evidence:'""Star Blizzard ... has been carrying out email credential theft ... since at least 2017.""', source_id:'text', page:'n/a'}]->(ta_StarBlizzard)
MERGE (inc_StarBlizzard_2017)-[:used_technique {phase:'Initial Access', details:'Phishing emails for credential theft; password-protected PDF lure documents; links to cloud-based file sharing platforms containing protected PDFs; passwords sent in same or follow-up email.', evidence:'""using password-protected PDF lure documents, or links to cloud-based file sharing platforms ... The passwords ... come packaged in the same phishing email, or an email sent shortly after""', source_id:'text', page:'n/a'}]->(tech_T1566)
MERGE (inc_StarBlizzard_2017)-[:used_technique {phase:'Execution', details:'User opens/executes password-protected PDF lure or accesses linked protected PDF.', evidence:'""password-protected PDF lure documents ...""', source_id:'text', page:'n/a'}]->(tech_T1204)
MERGE (sec_Government:Sector {name:'Government'})
MERGE (inc_StarBlizzard_2017)-[:targets_sector]->(sec_Government)
MERGE (sec_Education:Sector {name:'Education'})
MERGE (inc_StarBlizzard_2017)-[:targets_sector]->(sec_Education)
MERGE (sec_Media:Sector {name:'Media'})
MERGE (inc_StarBlizzard_2017)-[:targets_sector]->(sec_Media)
MERGE (sec_Other:Sector {name:'Other'})
MERGE (inc_StarBlizzard_2017)-[:targets_sector]->(sec_Other)
MERGE (vic_NGOs:Victim {name:'NGOs'})
ON CREATE SET vic_NGOs.sector='Other', vic_NGOs.summary='Non-governmental organizations; described as typical targets of Star Blizzard.'
ON MATCH SET  vic_NGOs.sector = CASE WHEN vic_NGOs.sector IS NULL OR trim(vic_NGOs.sector) = '' THEN 'Other' ELSE vic_NGOs.sector END,
              vic_NGOs.summary = CASE WHEN vic_NGOs.summary IS NULL OR trim(vic_NGOs.summary) = '' THEN 'Non-governmental organizations; described as typical targets of Star Blizzard.' ELSE vic_NGOs.summary END
MERGE (vic_ThinkTanks:Victim {name:'Think tanks'})
ON CREATE SET vic_ThinkTanks.sector='Other', vic_ThinkTanks.summary='Think tanks; described as typical targets of Star Blizzard.'
ON MATCH SET  vic_ThinkTanks.sector = CASE WHEN vic_ThinkTanks.sector IS NULL OR trim(vic_ThinkTanks.sector) = '' THEN 'Other' ELSE vic_ThinkTanks.sector END,
              vic_ThinkTanks.summary = CASE WHEN vic_ThinkTanks.summary IS NULL OR trim(vic_ThinkTanks.summary) = '' THEN 'Think tanks; described as typical targets of Star Blizzard.' ELSE vic_ThinkTanks.summary END
MERGE (vic_Journalists:Victim {name:'Journalists'})
ON CREATE SET vic_Journalists.sector='Media', vic_Journalists.summary='Journalists; described as typical targets of Star Blizzard.'
ON MATCH SET  vic_Journalists.sector = CASE WHEN vic_Journalists.sector IS NULL OR trim(vic_Journalists.sector) = '' THEN 'Media' ELSE vic_Journalists.sector END,
              vic_Journalists.summary = CASE WHEN vic_Journalists.summary IS NULL OR trim(vic_Journalists.summary) = '' THEN 'Journalists; described as typical targets of Star Blizzard.' ELSE vic_Journalists.summary END
MERGE (vic_AcademicInstitutions:Victim {name:'Academic institutions'})
ON CREATE SET vic_AcademicInstitutions.sector='Education', vic_AcademicInstitutions.summary='Academic institutions; described as typical targets of Star Blizzard.'
ON MATCH SET  vic_AcademicInstitutions.sector = CASE WHEN vic_AcademicInstitutions.sector IS NULL OR trim(vic_AcademicInstitutions.sector) = '' THEN 'Education' ELSE vic_AcademicInstitutions.sector END,
              vic_AcademicInstitutions.summary = CASE WHEN vic_AcademicInstitutions.summary IS NULL OR trim(vic_AcademicInstitutions.summary) = '' THEN 'Academic institutions; described as typical targets of Star Blizzard.' ELSE vic_AcademicInstitutions.summary END
MERGE (vic_IGOs:Victim {name:'Intergovernmental organizations'})
ON CREATE SET vic_IGOs.sector='Other', vic_IGOs.summary='Intergovernmental organizations; described as typical targets of Star Blizzard.'
ON MATCH SET  vic_IGOs.sector = CASE WHEN vic_IGOs.sector IS NULL OR trim(vic_IGOs.sector) = '' THEN 'Other' ELSE vic_IGOs.sector END,
              vic_IGOs.summary = CASE WHEN vic_IGOs.summary IS NULL OR trim(vic_IGOs.summary) = '' THEN 'Intergovernmental organizations; described as typical targets of Star Blizzard.' ELSE vic_IGOs.summary END
MERGE (inc_StarBlizzard_2017)-[:targets {date: date('2017-01-01'), evidence:'""Historically, it has focused its aim on ... NGOs, think tanks, journalists, academic institutions, intergovernmental organizations""', source_id:'text', page:'n/a'}]->(vic_NGOs)
MERGE (inc_StarBlizzard_2017)-[:targets {date: date('2017-01-01'), evidence:'""Historically, it has focused its aim on ... NGOs, think tanks, journalists, academic institutions, intergovernmental organizations""', source_id:'text', page:'n/a'}]->(vic_ThinkTanks)
MERGE (inc_StarBlizzard_2017)-[:targets {date: date('2017-01-01'), evidence:'""Historically, it has focused its aim on ... NGOs, think tanks, journalists, academic institutions, intergovernmental organizations""', source_id:'text', page:'n/a'}]->(vic_Journalists)
MERGE (inc_StarBlizzard_2017)-[:targets {date: date('2017-01-01'), evidence:'""Historically, it has focused its aim on ... NGOs, think tanks, journalists, academic institutions, intergovernmental organizations""', source_id:'text', page:'n/a'}]->(vic_AcademicInstitutions)
MERGE (inc_StarBlizzard_2017)-[:targets {date: date('2017-01-01'), evidence:'""Historically, it has focused its aim on ... NGOs, think tanks, journalists, academic institutions, intergovernmental organizations""', source_id:'text', page:'n/a'}]->(vic_IGOs)"
sea-turtle-cyber-espionage-campaign.json,"MERGE (ta_SeaTurtle:ThreatActor {name:'Sea Turtle'})
ON CREATE SET
  ta_SeaTurtle.sponsor = 'state-sponsored',
  ta_SeaTurtle.summary = 'State-sponsored threat actor targeting public and private entities in the Middle East and North Africa; active since at least January 2017; leverages DNS hijacking to redirect targets to actor-controlled servers to harvest credentials; observed using SnappyTCP reverse TCP shell (Linux/Unix) in attacks between 2021 and 2023.'
ON MATCH SET
  ta_SeaTurtle.sponsor = CASE WHEN ta_SeaTurtle.sponsor IS NULL OR ta_SeaTurtle.sponsor = '' THEN 'state-sponsored' ELSE ta_SeaTurtle.sponsor END,
  ta_SeaTurtle.summary = CASE WHEN ta_SeaTurtle.summary IS NULL OR ta_SeaTurtle.summary = '' THEN 'State-sponsored threat actor targeting public and private entities in the Middle East and North Africa; active since at least January 2017; leverages DNS hijacking to redirect targets to actor-controlled servers to harvest credentials; observed using SnappyTCP reverse TCP shell (Linux/Unix) in attacks between 2021 and 2023.' ELSE ta_SeaTurtle.summary END
MERGE (ta_CosmicWolf:ThreatActor {name:'Cosmic Wolf'})
ON CREATE SET ta_CosmicWolf.summary = 'Alias of Sea Turtle.'
ON MATCH SET ta_CosmicWolf.summary = CASE WHEN ta_CosmicWolf.summary IS NULL OR ta_CosmicWolf.summary = '' THEN 'Alias of Sea Turtle.' ELSE ta_CosmicWolf.summary END
MERGE (ta_MarbledDust:ThreatActor {name:'Marbled Dust'})
ON CREATE SET ta_MarbledDust.summary = 'Alias of Sea Turtle (formerly known as Silicon).'
ON MATCH SET ta_MarbledDust.summary = CASE WHEN ta_MarbledDust.summary IS NULL OR ta_MarbledDust.summary = '' THEN 'Alias of Sea Turtle (formerly known as Silicon).' ELSE ta_MarbledDust.summary END
MERGE (ta_TealKurma:ThreatActor {name:'Teal Kurma'})
ON CREATE SET ta_TealKurma.summary = 'Alias of Sea Turtle.'
ON MATCH SET ta_TealKurma.summary = CASE WHEN ta_TealKurma.summary IS NULL OR ta_TealKurma.summary = '' THEN 'Alias of Sea Turtle.' ELSE ta_TealKurma.summary END
MERGE (ta_UNC1326:ThreatActor {name:'UNC1326'})
ON CREATE SET ta_UNC1326.summary = 'Alias of Sea Turtle.'
ON MATCH SET ta_UNC1326.summary = CASE WHEN ta_UNC1326.summary IS NULL OR ta_UNC1326.summary = '' THEN 'Alias of Sea Turtle.' ELSE ta_UNC1326.summary END

MERGE (src_CiscoTalos_2019_04:Source {id:'cisco-talos-2019-04-sea-turtle'})
ON CREATE SET
  src_CiscoTalos_2019_04.title = 'Sea Turtle activity documented (April 2019)',
  src_CiscoTalos_2019_04.publisher = 'Cisco Talos',
  src_CiscoTalos_2019_04.published_on = date('2019-04-01')
ON MATCH SET
  src_CiscoTalos_2019_04.title = CASE WHEN src_CiscoTalos_2019_04.title IS NULL OR src_CiscoTalos_2019_04.title = '' THEN 'Sea Turtle activity documented (April 2019)' ELSE src_CiscoTalos_2019_04.title END,
  src_CiscoTalos_2019_04.publisher = CASE WHEN src_CiscoTalos_2019_04.publisher IS NULL OR src_CiscoTalos_2019_04.publisher = '' THEN 'Cisco Talos' ELSE src_CiscoTalos_2019_04.publisher END,
  src_CiscoTalos_2019_04.published_on = CASE WHEN src_CiscoTalos_2019_04.published_on IS NULL THEN date('2019-04-01') ELSE src_CiscoTalos_2019_04.published_on END

MERGE (src_PwC_TI_2021_2023:Source {id:'pwc-ti-snappytcp-2021-2023'})
ON CREATE SET
  src_PwC_TI_2021_2023.title = 'Sea Turtle using SnappyTCP in attacks (2021-2023)',
  src_PwC_TI_2021_2023.publisher = 'PricewaterhouseCoopers (PwC) Threat Intelligence'
ON MATCH SET
  src_PwC_TI_2021_2023.title = CASE WHEN src_PwC_TI_2021_2023.title IS NULL OR src_PwC_TI_2021_2023.title = '' THEN 'Sea Turtle using SnappyTCP in attacks (2021-2023)' ELSE src_PwC_TI_2021_2023.title END,
  src_PwC_TI_2021_2023.publisher = CASE WHEN src_PwC_TI_2021_2023.publisher IS NULL OR src_PwC_TI_2021_2023.publisher = '' THEN 'PricewaterhouseCoopers (PwC) Threat Intelligence' ELSE src_PwC_TI_2021_2023.publisher END

MERGE (ta_SeaTurtle)-[sb_ta_st_ct:supported_by]->(src_CiscoTalos_2019_04)
ON CREATE SET sb_ta_st_ct.quote = 'Sea Turtle ... first documented by Cisco Talos in April 2019, detailing state-sponsored attacks targeting public and private entities in the Middle East and North Africa; believed ongoing since January 2017; leveraging DNS hijacking to harvest credentials.'
MERGE (ta_SeaTurtle)-[sb_ta_st_pwc:supported_by]->(src_PwC_TI_2021_2023)
ON CREATE SET sb_ta_st_pwc.quote = 'Adversary revealed to be using ... reverse TCP shell ... called SnappyTCP in attacks carried out between 2021 and 2023.'

MERGE (ta_SeaTurtle)-[ha_st_cw:has_alias]->(ta_CosmicWolf)
ON CREATE SET ha_st_cw.date = date('2019-04-01')
MERGE (ta_SeaTurtle)-[ha_st_md:has_alias]->(ta_MarbledDust)
ON CREATE SET ha_st_md.date = date('2019-04-01')
MERGE (ta_SeaTurtle)-[ha_st_tk:has_alias]->(ta_TealKurma)
ON CREATE SET ha_st_tk.date = date('2019-04-01')
MERGE (ta_SeaTurtle)-[ha_st_unc:has_alias]->(ta_UNC1326)
ON CREATE SET ha_st_unc.date = date('2019-04-01')

MERGE (reg_MENA:Region {name:'Middle East and North Africa'})
MERGE (src_CiscoTalos_2019_04)<-[:supported_by {quote:'Targeting public and private entities in the Middle East and North Africa.'}]-(reg_MENA)

MERGE (tech_DNSHijack:Technique {technique_id:'T1584', name:'DNS Hijacking'})
ON CREATE SET
  tech_DNSHijack.tactic = 'Initial Access',
  tech_DNSHijack.summary = 'Hijacking or manipulating DNS to redirect targets to actor-controlled infrastructure, enabling credential harvesting.'
ON MATCH SET
  tech_DNSHijack.tactic = CASE WHEN tech_DNSHijack.tactic IS NULL OR tech_DNSHijack.tactic = '' THEN 'Initial Access' ELSE tech_DNSHijack.tactic END,
  tech_DNSHijack.summary = CASE WHEN tech_DNSHijack.summary IS NULL OR tech_DNSHijack.summary = '' THEN 'Hijacking or manipulating DNS to redirect targets to actor-controlled infrastructure, enabling credential harvesting.' ELSE tech_DNSHijack.summary END

MERGE (ta_SeaTurtle)-[ut_st_dnsh:used_technique]->(tech_DNSHijack)
ON CREATE SET
  ut_st_dnsh.phase = 'Initial Access',
  ut_st_dnsh.details = 'Leveraging DNS hijacking to redirect targets querying a specific domain to an actor-controlled server capable of harvesting credentials.',
  ut_st_dnsh.date = date('2017-01-01'),
  ut_st_dnsh.evidence = 'Activities ongoing since January 2017, primarily leveraging DNS hijacking to redirect prospective targets ... to an actor-controlled server capable of harvesting their credentials.',
  ut_st_dnsh.source_id = 'cisco-talos-2019-04-sea-turtle'
ON MATCH SET
  ut_st_dnsh.phase = CASE WHEN ut_st_dnsh.phase IS NULL OR ut_st_dnsh.phase = '' THEN 'Initial Access' ELSE ut_st_dnsh.phase END,
  ut_st_dnsh.details = CASE WHEN ut_st_dnsh.details IS NULL OR ut_st_dnsh.details = '' THEN 'Leveraging DNS hijacking to redirect targets querying a specific domain to an actor-controlled server capable of harvesting credentials.' ELSE ut_st_dnsh.details END,
  ut_st_dnsh.date = CASE WHEN ut_st_dnsh.date IS NULL THEN date('2017-01-01') ELSE ut_st_dnsh.date END,
  ut_st_dnsh.evidence = CASE WHEN ut_st_dnsh.evidence IS NULL OR ut_st_dnsh.evidence = '' THEN 'Activities ongoing since January 2017, primarily leveraging DNS hijacking to redirect prospective targets ... to an actor-controlled server capable of harvesting their credentials.' ELSE ut_st_dnsh.evidence END,
  ut_st_dnsh.source_id = CASE WHEN ut_st_dnsh.source_id IS NULL OR ut_st_dnsh.source_id = '' THEN 'cisco-talos-2019-04-sea-turtle' ELSE ut_st_dnsh.source_id END

MERGE (mal_SnappyTCP:Malware {name:'SnappyTCP'})
ON CREATE SET
  mal_SnappyTCP.family = 'Reverse TCP shell',
  mal_SnappyTCP.summary = 'Simple reverse TCP web shell for Linux/Unix with basic command-and-control capabilities; likely used for establishing persistence.'
ON MATCH SET
  mal_SnappyTCP.family = CASE WHEN mal_SnappyTCP.family IS NULL OR mal_SnappyTCP.family = '' THEN 'Reverse TCP shell' ELSE mal_SnappyTCP.family END,
  mal_SnappyTCP.summary = CASE WHEN mal_SnappyTCP.summary IS NULL OR mal_SnappyTCP.summary = '' THEN 'Simple reverse TCP web shell for Linux/Unix with basic command-and-control capabilities; likely used for establishing persistence.' ELSE mal_SnappyTCP.summary END

MERGE (ta_SeaTurtle)-[uses_st_snappytcp:uses]->(mal_SnappyTCP)
ON CREATE SET
  uses_st_snappytcp.date = date('2021-01-01'),
  uses_st_snappytcp.evidence = 'Using a simple reverse TCP shell for Linux/Unix systems called SnappyTCP in attacks carried out between 2021 and 2023; basic C2 capabilities and likely used for persistence.',
  uses_st_snappytcp.source_id = 'pwc-ti-snappytcp-2021-2023'
ON MATCH SET
  uses_st_snappytcp.date = CASE WHEN uses_st_snappytcp.date IS NULL THEN date('2021-01-01') ELSE uses_st_snappytcp.date END,
  uses_st_snappytcp.evidence = CASE WHEN uses_st_snappytcp.evidence IS NULL OR uses_st_snappytcp.evidence = '' THEN 'Using a simple reverse TCP shell for Linux/Unix systems called SnappyTCP in attacks carried out between 2021 and 2023; basic C2 capabilities and likely used for persistence.' ELSE uses_st_snappytcp.evidence END,
  uses_st_snappytcp.source_id = CASE WHEN uses_st_snappytcp.source_id IS NULL OR uses_st_snappytcp.source_id = '' THEN 'pwc-ti-snappytcp-2021-2023' ELSE uses_st_snappytcp.source_id END

MERGE (mal_SnappyTCP)-[sb_mal_snappy:supported_by]->(src_PwC_TI_2021_2023)
ON CREATE SET sb_mal_snappy.quote = 'Simple reverse TCP shell for Linux/Unix called SnappyTCP ... basic command-and-control capabilities ... likely used for establishing persistence.'

MERGE (inc_ST_2017_DNSHijack:Incident {id:'sea-turtle-2017-dns-hijacking-activity'})
ON CREATE SET
  inc_ST_2017_DNSHijack.date = date('2017-01-01'),
  inc_ST_2017_DNSHijack.type = 'intrusion',
  inc_ST_2017_DNSHijack.summary = 'Sea Turtle activity believed ongoing since January 2017 leveraging DNS hijacking to redirect targets to actor-controlled infrastructure for credential harvesting.'
ON MATCH SET
  inc_ST_2017_DNSHijack.date = CASE WHEN inc_ST_2017_DNSHijack.date IS NULL THEN date('2017-01-01') ELSE inc_ST_2017_DNSHijack.date END,
  inc_ST_2017_DNSHijack.type = CASE WHEN inc_ST_2017_DNSHijack.type IS NULL OR inc_ST_2017_DNSHijack.type = '' THEN 'intrusion' ELSE inc_ST_2017_DNSHijack.type END,
  inc_ST_2017_DNSHijack.summary = CASE WHEN inc_ST_2017_DNSHijack.summary IS NULL OR inc_ST_2017_DNSHijack.summary = '' THEN 'Sea Turtle activity believed ongoing since January 2017 leveraging DNS hijacking to redirect targets to actor-controlled infrastructure for credential harvesting.' ELSE inc_ST_2017_DNSHijack.summary END
MERGE (date_2017_01_01:Date {value:date('2017-01-01')})
MERGE (inc_ST_2017_DNSHijack)-[io_st_2017:occurred_on {date:date('2017-01-01')}]->(date_2017_01_01)
MERGE (inc_ST_2017_DNSHijack)-[attr_st_2017:attributed_to]->(ta_SeaTurtle)
ON CREATE SET
  attr_st_2017.confidence = 'medium',
  attr_st_2017.evidence = 'Activities associated with the group are believed to have been ongoing since January 2017.',
  attr_st_2017.source_id = 'cisco-talos-2019-04-sea-turtle'
ON MATCH SET
  attr_st_2017.confidence = CASE WHEN attr_st_2017.confidence IS NULL OR attr_st_2017.confidence = '' THEN 'medium' ELSE attr_st_2017.confidence END,
  attr_st_2017.evidence = CASE WHEN attr_st_2017.evidence IS NULL OR attr_st_2017.evidence = '' THEN 'Activities associated with the group are believed to have been ongoing since January 2017.' ELSE attr_st_2017.evidence END,
  attr_st_2017.source_id = CASE WHEN attr_st_2017.source_id IS NULL OR attr_st_2017.source_id = '' THEN 'cisco-talos-2019-04-sea-turtle' ELSE attr_st_2017.source_id END
MERGE (inc_ST_2017_DNSHijack)-[uit_st_2017_dnsh:used_technique]->(tech_DNSHijack)
ON CREATE SET
  uit_st_2017_dnsh.phase = 'Initial Access',
  uit_st_2017_dnsh.details = 'DNS hijacking used to redirect targets to actor-controlled server for credential harvesting.',
  uit_st_2017_dnsh.evidence = 'Primarily leveraging DNS hijacking to redirect prospective targets ... to an actor-controlled server capable of harvesting their credentials.',
  uit_st_2017_dnsh.source_id = 'cisco-talos-2019-04-sea-turtle'
ON MATCH SET
  uit_st_2017_dnsh.phase = CASE WHEN uit_st_2017_dnsh.phase IS NULL OR uit_st_2017_dnsh.phase = '' THEN 'Initial Access' ELSE uit_st_2017_dnsh.phase END,
  uit_st_2017_dnsh.details = CASE WHEN uit_st_2017_dnsh.details IS NULL OR uit_st_2017_dnsh.details = '' THEN 'DNS hijacking used to redirect targets to actor-controlled server for credential harvesting.' ELSE uit_st_2017_dnsh.details END,
  uit_st_2017_dnsh.evidence = CASE WHEN uit_st_2017_dnsh.evidence IS NULL OR uit_st_2017_dnsh.evidence = '' THEN 'Primarily leveraging DNS hijacking to redirect prospective targets ... to an actor-controlled server capable of harvesting their credentials.' ELSE uit_st_2017_dnsh.evidence END,
  uit_st_2017_dnsh.source_id = CASE WHEN uit_st_2017_dnsh.source_id IS NULL OR uit_st_2017_dnsh.source_id = '' THEN 'cisco-talos-2019-04-sea-turtle' ELSE uit_st_2017_dnsh.source_id END
MERGE (inc_ST_2017_DNSHijack)-[:occurred_in]->(reg_MENA)
MERGE (inc_ST_2017_DNSHijack)-[sb_inc_2017:supported_by]->(src_CiscoTalos_2019_04)
ON CREATE SET sb_inc_2017.quote = 'Activities ... ongoing since January 2017 ... leveraging DNS hijacking ... targeting ... Middle East and North Africa.'

MERGE (inc_ST_2021_2023_SnappyTCP:Incident {id:'sea-turtle-2021-2023-snappytcp-attacks'})
ON CREATE SET
  inc_ST_2021_2023_SnappyTCP.date = date('2021-01-01'),
  inc_ST_2021_2023_SnappyTCP.type = 'intrusion',
  inc_ST_2021_2023_SnappyTCP.summary = 'Sea Turtle observed using SnappyTCP reverse TCP shell (Linux/Unix) in attacks between 2021 and 2023; tool provides basic C2 and likely persistence.'
ON MATCH SET
  inc_ST_2021_2023_SnappyTCP.date = CASE WHEN inc_ST_2021_2023_SnappyTCP.date IS NULL THEN date('2021-01-01') ELSE inc_ST_2021_2023_SnappyTCP.date END,
  inc_ST_2021_2023_SnappyTCP.type = CASE WHEN inc_ST_2021_2023_SnappyTCP.type IS NULL OR inc_ST_2021_2023_SnappyTCP.type = '' THEN 'intrusion' ELSE inc_ST_2021_2023_SnappyTCP.type END,
  inc_ST_2021_2023_SnappyTCP.summary = CASE WHEN inc_ST_2021_2023_SnappyTCP.summary IS NULL OR inc_ST_2021_2023_SnappyTCP.summary = '' THEN 'Sea Turtle observed using SnappyTCP reverse TCP shell (Linux/Unix) in attacks between 2021 and 2023; tool provides basic C2 and likely persistence.' ELSE inc_ST_2021_2023_SnappyTCP.summary END
MERGE (date_2021_01_01:Date {value:date('2021-01-01')})
MERGE (inc_ST_2021_2023_SnappyTCP)-[io_st_2021:occurred_on {date:date('2021-01-01')}]->(date_2021_01_01)
MERGE (inc_ST_2021_2023_SnappyTCP)-[attr_st_2021:attributed_to]->(ta_SeaTurtle)
ON CREATE SET
  attr_st_2021.confidence = 'medium',
  attr_st_2021.evidence = 'Attacks carried out between 2021 and 2023 attributed to the adversary using SnappyTCP.',
  attr_st_2021.source_id = 'pwc-ti-snappytcp-2021-2023'
ON MATCH SET
  attr_st_2021.confidence = CASE WHEN attr_st_2021.confidence IS NULL OR attr_st_2021.confidence = '' THEN 'medium' ELSE attr_st_2021.confidence END,
  attr_st_2021.evidence = CASE WHEN attr_st_2021.evidence IS NULL OR attr_st_2021.evidence = '' THEN 'Attacks carried out between 2021 and 2023 attributed to the adversary using SnappyTCP.' ELSE attr_st_2021.evidence END,
  attr_st_2021.source_id = CASE WHEN attr_st_2021.source_id IS NULL OR attr_st_2021.source_id = '' THEN 'pwc-ti-snappytcp-2021-2023' ELSE attr_st_2021.source_id END
MERGE (inc_ST_2021_2023_SnappyTCP)-[invm_st_2021:involved_malware]->(mal_SnappyTCP)
ON CREATE SET
  invm_st_2021.evidence = 'Using SnappyTCP reverse TCP shell (Linux/Unix) in attacks between 2021 and 2023; basic C2 and likely persistence.',
  invm_st_2021.source_id = 'pwc-ti-snappytcp-2021-2023'
ON MATCH SET
  invm_st_2021.evidence = CASE WHEN invm_st_2021.evidence IS NULL OR invm_st_2021.evidence = '' THEN 'Using SnappyTCP reverse TCP shell (Linux/Unix) in attacks between 2021 and 2023; basic C2 and likely persistence.' ELSE invm_st_2021.evidence END,
  invm_st_2021.source_id = CASE WHEN invm_st_2021.source_id IS NULL OR invm_st_2021.source_id = '' THEN 'pwc-ti-snappytcp-2021-2023' ELSE invm_st_2021.source_id END
MERGE (inc_ST_2021_2023_SnappyTCP)-[:occurred_in]->(reg_MENA)
MERGE (inc_ST_2021_2023_SnappyTCP)-[sb_inc_2021:supported_by]->(src_PwC_TI_2021_2023)
ON CREATE SET sb_inc_2021.quote = 'Using ... SnappyTCP in attacks carried out between 2021 and 2023.'"
two-campaigns-by-north-korea-bad-actors-target-job-hunters.json,"MERGE (src_1:Source {id:'unit42_contagious-interview_wagemole'})
ON CREATE SET
  src_1.title = 'Unit 42: Contagious Interview and Wagemole campaigns targeting job-seeking activities',
  src_1.publisher = 'Unit 42'
ON MATCH SET
  src_1.title = coalesce(src_1.title, 'Unit 42: Contagious Interview and Wagemole campaigns targeting job-seeking activities'),
  src_1.publisher = coalesce(src_1.publisher, 'Unit 42')
MERGE (actor_1:ThreatActor {name:""North Korea state-sponsored threat actor (Contagious Interview)""})
ON CREATE SET
  actor_1.sponsor = 'DPRK',
  actor_1.summary = ""State-sponsored threat actor associated with the Democratic People's Republic of Korea (North Korea), attributed by Unit 42 to the Contagious Interview campaign with moderate confidence.""
ON MATCH SET
  actor_1.sponsor = coalesce(actor_1.sponsor, 'DPRK'),
  actor_1.summary = coalesce(actor_1.summary, ""State-sponsored threat actor associated with the Democratic People's Republic of Korea (North Korea), attributed by Unit 42 to the Contagious Interview campaign with moderate confidence."")
MERGE (actor_2:ThreatActor {name:""North Korea state-sponsored threat actor (Wagemole)""})
ON CREATE SET
  actor_2.sponsor = 'DPRK',
  actor_2.summary = ""State-sponsored threat actor associated with the Democratic People's Republic of Korea (North Korea), attributed by Unit 42 to the Wagemole campaign with high confidence.""
ON MATCH SET
  actor_2.sponsor = coalesce(actor_2.sponsor, 'DPRK'),
  actor_2.summary = coalesce(actor_2.summary, ""State-sponsored threat actor associated with the Democratic People's Republic of Korea (North Korea), attributed by Unit 42 to the Wagemole campaign with high confidence."")
MERGE (mot_1:Motivation {type:'espionage'})
MERGE (mot_2:Motivation {type:'financial'})
MERGE (actor_2)-[:motivated_by]->(mot_1)
MERGE (actor_2)-[:motivated_by]->(mot_2)
MERGE (camp_1:Campaign {name:'Contagious Interview'})
ON CREATE SET
  camp_1.summary = 'Campaign where threat actors pose as employers to lure software developers into installing malware through the interview process, enabling various types of theft; attributed with moderate confidence to a DPRK state-sponsored threat actor.'
ON MATCH SET
  camp_1.summary = coalesce(camp_1.summary, 'Campaign where threat actors pose as employers to lure software developers into installing malware through the interview process, enabling various types of theft; attributed with moderate confidence to a DPRK state-sponsored threat actor.')
MERGE (camp_2:Campaign {name:'Wagemole'})
ON CREATE SET
  camp_2.summary = 'Campaign where threat actors seek unauthorized employment with organizations based in the US and other parts of the world, with potential for financial gain and espionage; attributed with high confidence to a DPRK state-sponsored threat actor.'
ON MATCH SET
  camp_2.summary = coalesce(camp_2.summary, 'Campaign where threat actors seek unauthorized employment with organizations based in the US and other parts of the world, with potential for financial gain and espionage; attributed with high confidence to a DPRK state-sponsored threat actor.')
MERGE (camp_1)-[inc_1:includes]->(actor_1)
ON CREATE SET
  inc_1.evidence = 'Unit 42 attributes with moderate confidence that Contagious Interview is run by a North Korea state-sponsored threat actor.',
  inc_1.source_id = src_1.id
ON MATCH SET
  inc_1.evidence = coalesce(inc_1.evidence, 'Unit 42 attributes with moderate confidence that Contagious Interview is run by a North Korea state-sponsored threat actor.'),
  inc_1.source_id = coalesce(inc_1.source_id, src_1.id)
MERGE (camp_2)-[inc_2:includes]->(actor_2)
ON CREATE SET
  inc_2.evidence = 'Unit 42 attributes with high confidence that Wagemole is a North Korea state-sponsored threat.',
  inc_2.source_id = src_1.id
ON MATCH SET
  inc_2.evidence = coalesce(inc_2.evidence, 'Unit 42 attributes with high confidence that Wagemole is a North Korea state-sponsored threat.'),
  inc_2.source_id = coalesce(inc_2.source_id, src_1.id)
MERGE (actor_1)-[sup_1:supported_by]->(src_1)
ON CREATE SET
  sup_1.quote = 'We attribute with moderate confidence that Contagious Interview is run by a North Korea state-sponsored threat actor.'
ON MATCH SET
  sup_1.quote = coalesce(sup_1.quote, 'We attribute with moderate confidence that Contagious Interview is run by a North Korea state-sponsored threat actor.')
MERGE (actor_2)-[sup_2:supported_by]->(src_1)
ON CREATE SET
  sup_2.quote = 'We attribute with high confidence that Wagemole is a North Korea state-sponsored threat.'
ON MATCH SET
  sup_2.quote = coalesce(sup_2.quote, 'We attribute with high confidence that Wagemole is a North Korea state-sponsored threat.')
MERGE (camp_1)-[sup_3:supported_by]->(src_1)
ON CREATE SET
  sup_3.quote = 'We call the first campaign “Contagious Interview,” where threat actors pose as employers ... to lure software developers into installing malware through the interview process.'
ON MATCH SET
  sup_3.quote = coalesce(sup_3.quote, 'We call the first campaign “Contagious Interview,” where threat actors pose as employers ... to lure software developers into installing malware through the interview process.')
MERGE (camp_2)-[sup_4:supported_by]->(src_1)
ON CREATE SET
  sup_4.quote = 'We call the second campaign “Wagemole,” where threat actors seek unauthorized employment with organizations based in the US and other parts of the world, with potential for both financial gain and espionage.'
ON MATCH SET
  sup_4.quote = coalesce(sup_4.quote, 'We call the second campaign “Wagemole,” where threat actors seek unauthorized employment with organizations based in the US and other parts of the world, with potential for both financial gain and espionage.')"
